,Price,Rooms,Area,Floor,Max_house_floor,Year_built,balcony_or_loggia_балкон,balcony_or_loggia_лоджия,Bathroom_раздельный,Bathroom_совмещенный,District_Дзержинский,District_Индустриальный,District_Кировский,District_Ленинский,District_Мотовилихинский,District_Орджоникидзевский,District_Свердловский
0,3250000,2,40.0,9,25,2016.0,1,0,0,1,0,0,0,0,0,1,0
1,7017200,2,58.8,20,25,2021.0,1,0,1,0,0,1,0,0,0,0,0
2,4800000,3,63.2,6,9,1975.0,0,1,0,1,0,1,0,0,0,0,0
3,3090000,3,92.7,3,3,1957.0,1,0,1,0,0,0,1,0,0,0,0
4,3800000,1,42.1,5,16,2016.0,1,0,1,0,0,0,0,0,1,0,0
5,2850000,2,42.5,2,5,1967.0,1,0,0,1,0,0,1,0,0,0,0
6,3590000,1,30.8,2,5,1964.0,1,0,0,1,0,0,0,0,0,0,1
7,3798598,2,42.1,4,5,1960.0,1,0,0,1,0,0,0,0,0,0,1
8,3800000,2,50.3,8,9,1974.0,1,0,0,1,0,1,0,0,0,0,0
9,3100000,1,33.0,8,17,2014.0,0,1,0,1,0,0,1,0,0,0,0
10,4500000,1,41.2,8,16,2011.0,0,1,0,1,0,0,0,0,1,0,0
11,3800000,1,45.0,5,10,2011.0,0,1,1,0,0,0,1,0,0,0,0
12,4500000,2,49.0,2,25,2022.0,1,0,0,1,0,1,0,0,0,0,0
13,3520000,2,44.7,4,5,1965.0,1,0,0,1,0,0,0,0,0,0,1
14,3600000,1,40.0,2,25,2015.0,1,0,0,1,0,0,0,0,1,0,0
15,10900000,3,87.0,24,25,2021.0,0,1,1,0,0,0,0,0,0,0,1
16,4500000,2,41.5,8,16,2015.0,1,0,0,1,0,1,0,0,0,0,0
17,2500000,2,45.5,4,5,1988.0,1,0,1,0,0,0,0,0,0,1,0
18,4200000,4,73.8,2,9,1983.0,1,0,1,0,0,0,0,0,0,0,1
19,4800000,2,62.4,7,16,2014.0,0,1,1,0,0,0,0,0,0,1,0
20,18480000,4,136.0,4,10,2006.0,0,1,0,1,0,0,0,1,0,0,0
21,3000000,1,31.0,2,5,1961.0,1,0,0,1,0,0,0,0,1,0,0
22,1999000,1,37.0,1,9,1994.0,0,1,0,1,0,0,0,0,0,1,0
23,5700000,3,72.0,4,9,1981.0,0,1,0,1,0,0,0,0,0,1,0
24,8890000,2,61.6,3,25,2017.0,0,1,0,1,0,0,0,0,0,0,1
25,4050000,1,36.2,4,17,2019.0,0,1,0,1,0,0,0,0,0,0,1
26,4350000,2,52.0,1,3,2011.0,1,0,0,1,0,0,0,0,0,0,1
27,3550000,2,41.3,5,5,1969.0,1,0,0,1,0,0,0,0,1,0,0
28,3500000,1,35.6,14,14,1978.0,0,1,0,1,0,0,0,1,0,0,0
29,3830000,4,61.4,5,5,1972.0,1,0,1,0,0,1,0,0,0,0,0
30,3692000,1,40.0,3,20,2017.0,0,1,0,1,0,0,0,0,1,0,0
31,5700000,3,79.1,5,12,1975.0,0,1,0,1,0,1,0,0,0,0,0
32,3650000,1,35.0,2,5,1982.0,1,0,0,1,0,0,0,1,0,0,0
33,4500000,2,52.9,3,9,1986.0,0,1,1,0,0,0,0,0,1,0,0
34,2600000,2,47.1,5,5,1999.0,1,0,1,0,0,0,0,0,0,1,0
35,2000000,1,30.3,2,5,1980.0,1,0,1,0,0,0,0,0,0,1,0
36,3000000,1,38.0,7,10,2002.0,0,1,1,0,1,0,0,0,0,0,0
37,6400000,2,55.5,14,17,2006.0,1,0,1,0,0,1,0,0,0,0,0
38,3090000,1,34.3,8,10,1992.0,1,0,1,0,0,1,0,0,0,0,0
39,5000000,2,53.0,9,10,2008.0,0,1,1,0,0,1,0,0,0,0,0
40,3500000,2,44.7,3,5,1967.0,1,0,1,0,0,0,0,0,0,0,1
41,1900000,3,60.0,5,5,1972.0,1,0,1,0,0,0,0,0,1,0,0
42,4679000,2,54.0,4,10,1998.0,0,1,1,0,1,0,0,0,0,0,0
43,4550000,2,43.4,5,9,1984.0,0,1,0,1,0,0,0,0,0,0,1
44,3290000,3,61.4,3,10,1989.0,0,1,0,1,0,0,0,0,1,0,0
45,3500000,1,31.0,4,5,1970.0,1,0,0,1,1,0,0,0,0,0,0
46,3850000,2,48.9,5,5,1989.0,0,1,1,0,0,0,0,1,0,0,0
47,4500000,1,46.8,15,17,2010.0,0,1,0,1,0,1,0,0,0,0,0
48,5300000,3,72.0,2,9,2018.0,0,1,1,0,0,0,1,0,0,0,0
49,6390000,3,71.5,4,16,1985.0,0,1,1,0,0,0,0,0,1,0,0
50,3690000,2,51.0,2,5,1980.0,0,1,1,0,0,0,1,0,0,0,0
51,3790000,2,49.0,4,5,1989.0,1,0,0,1,0,0,0,0,0,0,1
52,2550000,1,29.1,3,9,1983.0,1,0,0,1,1,0,0,0,0,0,0
53,4100000,1,40.5,7,17,2014.0,1,0,0,1,1,0,0,0,0,0,0
54,5500000,3,63.7,6,9,1988.0,0,1,1,0,0,0,0,1,0,0,0
55,2450000,1,27.7,4,5,1963.0,1,0,1,0,0,0,0,0,1,0,0
56,4920000,3,68.1,1,10,1992.0,1,0,1,0,0,1,0,0,0,0,0
57,7000000,2,75.0,3,18,2007.0,0,1,0,1,0,0,0,0,1,0,0
58,10650000,3,110.4,12,25,2018.0,1,0,1,0,1,0,0,0,0,0,0
59,4150000,2,49.0,5,5,1952.0,1,0,1,0,0,0,0,0,0,0,1
60,6100000,3,69.9,4,5,1942.0,1,0,1,0,0,0,0,1,0,0,0
61,4599000,2,55.0,5,5,1952.0,1,0,0,1,0,0,0,0,1,0,0
62,4000000,3,56.1,3,5,1962.0,1,0,0,1,0,0,0,1,0,0,0
63,2950000,1,32.0,4,5,1965.0,1,0,0,1,0,1,0,0,0,0,0
64,2650000,1,32.7,12,12,1981.0,0,1,1,0,0,0,0,0,1,0,0
65,5100000,2,53.1,11,14,1980.0,0,1,1,0,0,1,0,0,0,0,0
66,4999000,2,51.8,5,10,2008.0,0,1,1,0,0,1,0,0,0,0,0
67,6100000,2,66.0,6,17,2012.0,1,0,0,1,0,0,0,0,0,0,1
68,4700000,3,66.5,10,16,1986.0,1,0,1,0,0,0,1,0,0,0,0
69,2600000,2,44.5,5,5,1968.0,1,0,0,1,0,0,0,0,0,0,1
70,3200000,2,42.8,5,5,1970.0,1,0,0,1,1,0,0,0,0,0,0
71,7700000,2,66.5,13,20,2018.0,0,1,1,0,0,0,0,0,0,0,1
72,5679000,2,60.2,5,14,1976.0,0,1,1,0,1,0,0,0,0,0,0
73,6000000,2,56.7,14,19,2013.0,0,1,1,0,0,0,0,0,0,0,1
74,3360000,2,43.7,2,9,1976.0,0,1,1,0,1,0,0,0,0,0,0
75,7450000,3,77.3,6,16,2014.0,0,1,1,0,0,1,0,0,0,0,0
76,9200000,3,67.8,11,25,2015.0,1,0,0,1,0,0,0,0,0,0,1
77,3150000,1,31.1,3,5,1977.0,1,0,1,0,1,0,0,0,0,0,0
78,2000000,1,25.5,1,5,1992.0,1,0,0,1,0,0,0,0,0,1,0
79,2400000,1,30.2,2,9,1981.0,1,0,0,1,0,1,0,0,0,0,0
80,7700000,3,65.0,23,24,2019.0,0,1,1,0,0,0,0,0,1,0,0
81,5500000,3,62.0,9,9,1985.0,0,1,1,0,0,0,0,0,0,0,1
82,3400000,1,37.4,9,17,2021.0,1,0,0,1,0,1,0,0,0,0,0
83,6750000,3,71.1,6,16,2000.0,0,1,0,1,0,0,0,0,1,0,0
84,8500000,3,98.0,6,25,2011.0,0,1,0,1,0,1,0,0,0,0,0
85,4680000,2,56.0,4,5,1978.0,0,1,1,0,0,1,0,0,0,0,0
86,3800000,2,54.8,8,14,1976.0,0,1,1,0,1,0,0,0,0,0,0
87,8700000,3,63.6,6,6,2019.0,0,1,0,1,0,0,0,1,0,0,0
88,3300000,1,33.0,1,6,2015.0,1,0,0,1,0,1,0,0,0,0,0
89,5299000,1,44.0,11,17,1987.0,0,1,0,1,0,0,0,1,0,0,0
90,8200000,3,60.2,19,25,2011.0,0,1,0,1,0,0,0,0,0,0,1
91,2799990,1,31.0,7,10,2011.0,0,1,0,1,1,0,0,0,0,0,0
92,2350000,1,31.0,3,5,1961.0,0,1,0,1,0,0,0,0,1,0,0
93,6390000,3,81.0,3,10,2006.0,0,1,0,1,1,0,0,0,0,0,0
94,5350000,3,74.3,16,19,2017.0,1,0,1,0,0,0,0,0,0,0,1
95,2800000,2,43.0,4,4,1960.0,1,0,0,1,0,1,0,0,0,0,0
96,3280000,3,60.6,5,5,1968.0,1,0,1,0,0,0,0,0,0,0,1
97,4760000,3,60.2,8,9,1972.0,0,1,0,1,0,0,0,0,0,0,1
98,2500000,1,29.8,3,5,1971.0,1,0,0,1,0,1,0,0,0,0,0
99,5500000,2,50.0,2,10,1989.0,0,1,0,1,0,0,0,0,0,0,1
100,2790000,1,30.4,2,6,1970.0,1,0,0,1,0,0,0,0,0,0,1
101,3960000,3,60.7,2,5,1967.0,1,0,1,0,0,0,0,0,1,0,0
102,7300000,3,83.6,6,16,2007.0,0,1,0,1,0,0,0,0,0,0,1
103,2599000,1,29.0,7,10,1969.0,1,0,0,1,0,0,0,0,0,0,1
104,4400000,3,63.0,4,4,1953.0,1,0,0,1,0,0,0,0,0,0,1
105,3600000,3,60.1,2,5,1991.0,1,0,0,1,0,0,1,0,0,0,0
106,4700000,2,63.5,15,16,2021.0,0,1,1,0,1,0,0,0,0,0,0
107,6300000,2,56.7,7,9,2003.0,1,0,0,1,0,0,0,1,0,0,0
108,2150000,1,31.9,8,9,1988.0,0,1,1,0,0,1,0,0,0,0,0
109,3600000,1,35.0,2,4,2019.0,1,0,0,1,0,0,0,0,1,0,0
110,3600000,4,61.5,5,5,1970.0,1,0,1,0,0,1,0,0,0,0,0
111,3990000,2,54.4,1,16,1995.0,0,1,1,0,1,0,0,0,0,0,0
112,5700000,3,60.2,14,25,2019.0,0,1,1,0,0,0,0,0,0,0,1
113,8500000,4,89.0,14,15,2021.0,0,1,1,0,0,1,0,0,0,0,0
114,6900000,4,75.4,8,9,1981.0,0,1,1,0,0,0,0,1,0,0,0
115,5100000,3,60.7,2,9,1977.0,0,1,1,0,0,1,0,0,0,0,0
116,3600000,2,44.6,3,5,1962.0,1,0,0,1,0,0,0,0,0,0,1
117,3500000,3,46.5,1,5,1966.0,1,0,1,0,1,0,0,0,0,0,0
118,3200000,5,32.4,5,5,1968.0,1,0,1,0,0,0,0,1,0,0,0
119,5690000,2,50.4,5,13,2021.0,0,1,0,1,0,0,0,0,1,0,0
120,2520000,1,30.2,2,5,1969.0,1,0,1,0,0,1,0,0,0,0,0
121,2700000,1,38.0,4,10,2001.0,0,1,1,0,1,0,0,0,0,0,0
122,4800000,2,42.7,17,25,2022.0,1,0,0,1,0,1,0,0,0,0,0
123,1820000,2,37.4,5,5,1983.0,1,0,0,1,0,0,1,0,0,0,0
124,2890000,1,35.0,6,18,2016.0,0,1,0,1,0,0,0,0,0,1,0
125,4870100,4,81.2,10,10,1989.0,0,1,1,0,0,1,0,0,0,0,0
126,9700000,3,77.0,9,20,2018.0,0,1,1,0,0,0,0,0,0,0,1
127,2990000,2,46.0,3,5,1965.0,1,0,0,1,0,0,0,0,0,0,1
128,2150000,1,27.4,6,9,1992.0,1,0,0,1,1,0,0,0,0,0,0
129,4500000,2,43.5,6,9,1979.0,0,1,1,0,1,0,0,0,0,0,0
130,3370000,1,35.4,10,10,1993.0,1,0,1,0,0,0,0,0,0,0,1
131,8999000,3,73.8,7,17,2013.0,1,0,0,1,0,0,0,0,0,0,1
132,2750000,1,42.0,5,17,2012.0,1,0,1,0,0,0,0,0,0,1,0
133,4594000,1,41.4,14,17,1987.0,0,1,1,0,0,0,0,1,0,0,0
134,3930000,3,61.2,5,5,1971.0,1,0,0,1,0,0,0,0,0,0,1
135,4300000,3,61.0,9,9,1976.0,1,0,1,0,0,1,0,0,0,0,0
136,3500000,1,38.2,5,5,2008.0,0,1,1,0,0,0,0,0,1,0,0
137,3150000,1,32.0,14,17,2016.0,0,1,0,1,0,0,1,0,0,0,0
138,4650000,1,40.0,17,25,2021.0,0,1,0,1,0,1,0,0,0,0,0
139,5100000,3,60.6,8,9,1982.0,0,1,1,0,0,0,0,0,0,0,1
140,3450000,1,34.6,2,10,1990.0,0,1,1,0,0,1,0,0,0,0,0
141,5200000,2,47.0,11,16,2022.0,0,1,0,1,1,0,0,0,0,0,0
142,9750000,3,98.0,11,15,2015.0,0,1,0,1,1,0,0,0,0,0,0
143,3980000,1,34.0,11,25,2022.0,1,0,0,1,0,1,0,0,0,0,0
144,3500000,1,33.5,2,9,1976.0,1,0,0,1,1,0,0,0,0,0,0
145,6750000,4,72.9,10,14,1981.0,0,1,1,0,0,1,0,0,0,0,0
146,3900000,2,42.0,3,3,2019.0,1,0,0,1,0,0,0,0,1,0,0
147,3550000,1,33.2,12,16,2005.0,0,1,0,1,1,0,0,0,0,0,0
148,4500000,2,52.4,10,10,1996.0,0,1,1,0,0,1,0,0,0,0,0
149,6999000,3,71.3,4,16,1993.0,0,1,1,0,0,1,0,0,0,0,0
150,2480000,3,47.2,3,5,1979.0,1,0,1,0,0,0,0,0,0,1,0
151,2799000,1,34.5,2,9,1986.0,1,0,1,0,0,0,0,0,1,0,0
152,3450000,2,47.8,5,5,1990.0,1,0,1,0,0,0,0,0,1,0,0
153,4500000,3,62.0,8,9,1996.0,0,1,0,1,0,0,0,0,0,1,0
154,5900000,2,62.4,9,25,2021.0,0,1,0,1,0,0,0,0,0,0,1
155,5500000,3,84.6,16,16,2010.0,0,1,1,0,0,0,0,0,0,0,1
156,3390000,1,31.8,5,5,1966.0,1,0,0,1,0,0,0,0,0,0,1
157,8500000,3,101.3,5,10,2001.0,0,1,1,0,1,0,0,0,0,0,0
158,5199999,1,48.1,17,20,2018.0,0,1,0,1,0,0,0,0,0,0,1
159,5350000,2,62.0,2,16,2013.0,0,1,1,0,0,1,0,0,0,0,0
160,3500000,2,56.0,9,10,2014.0,0,1,1,0,0,0,0,0,0,1,0
161,3600000,2,44.2,8,9,1973.0,1,0,0,1,0,0,0,0,0,0,1
162,5290000,2,71.1,10,10,1999.0,0,1,1,0,0,0,0,0,0,0,1
163,3450000,2,45.9,7,9,1978.0,0,1,1,0,0,0,0,0,0,0,1
164,11665000,3,111.0,4,10,1997.0,0,1,0,1,0,0,0,1,0,0,0
165,14950000,4,136.0,20,25,2013.0,0,1,1,0,0,0,0,0,0,0,1
166,7250000,3,95.7,10,16,2019.0,0,1,1,0,0,0,0,0,0,1,0
167,4350000,1,48.4,21,25,2016.0,0,1,0,1,0,0,0,0,1,0,0
168,6500000,4,73.6,5,9,1982.0,1,0,1,0,1,0,0,0,0,0,0
169,10000000,2,40.7,4,8,2019.0,0,1,0,1,0,0,0,1,0,0,0
170,2900000,2,44.0,5,5,1973.0,1,0,0,1,0,0,0,0,0,0,1
171,2780000,2,45.0,5,5,1974.0,1,0,1,0,0,0,0,0,1,0,0
172,3990000,2,44.0,9,9,1977.0,0,1,0,1,1,0,0,0,0,0,0
173,6350000,2,76.9,2,13,2010.0,0,1,0,1,0,0,0,0,1,0,0
174,8398000,3,83.0,9,25,2021.0,1,0,1,0,0,1,0,0,0,0,0
175,3450000,1,32.0,3,5,1963.0,1,0,0,1,0,0,0,1,0,0,0
176,8800000,3,101.8,5,10,2001.0,0,1,1,0,1,0,0,0,0,0,0
177,5300000,2,62.2,15,17,2007.0,0,1,0,1,0,0,0,0,0,0,1
178,2950000,2,46.3,2,3,1962.0,1,0,0,1,0,0,0,0,1,0,0
179,4700000,3,70.0,9,10,2009.0,0,1,0,1,0,0,0,0,0,1,0
180,6700000,1,43.7,22,25,2021.0,0,1,0,1,0,0,0,0,0,0,1
181,3300000,2,46.6,5,5,1976.0,1,0,1,0,0,0,0,0,0,0,1
182,6300000,3,67.5,5,5,1956.0,1,0,1,0,0,0,0,0,0,0,1
183,5600000,2,56.2,6,6,2014.0,0,1,1,0,1,0,0,0,0,0,0
184,4900000,2,58.0,10,11,2015.0,0,1,1,0,0,0,0,0,1,0,0
185,4650000,3,65.0,8,9,1985.0,1,0,1,0,0,0,0,0,1,0,0
186,3700000,2,48.0,3,5,1976.0,1,0,1,0,0,0,0,0,0,0,1
187,4100000,3,59.0,1,12,1979.0,0,1,0,1,0,0,1,0,0,0,0
188,5350000,3,55.0,7,25,2018.0,0,1,1,0,0,0,0,0,0,0,1
189,3290000,1,31.6,15,17,2012.0,0,1,0,1,0,0,0,0,0,0,1
190,5900000,4,77.2,2,10,1993.0,0,1,1,0,1,0,0,0,0,0,0
191,3200000,2,45.4,2,5,1975.0,1,0,0,1,0,1,0,0,0,0,0
192,4890000,1,40.5,22,24,2016.0,0,1,0,1,0,0,0,0,1,0,0
193,7270000,3,64.0,11,18,2009.0,0,1,0,1,1,0,0,0,0,0,0
194,4900000,2,63.5,10,10,2006.0,1,0,1,0,0,0,1,0,0,0,0
195,4999000,1,37.7,2,25,2020.0,0,1,0,1,0,0,0,0,0,0,1
196,7100000,4,102.0,9,10,2005.0,0,1,1,0,0,1,0,0,0,0,0
197,3249000,1,37.0,5,10,1989.0,1,0,1,0,1,0,0,0,0,0,0
198,2500000,1,30.2,4,4,1963.0,1,0,0,1,1,0,0,0,0,0,0
199,3395000,2,45.0,4,5,1972.0,1,0,1,0,0,1,0,0,0,0,0
200,1850000,1,34.2,5,5,2015.0,1,0,0,1,0,0,0,0,0,1,0
201,3700000,2,44.0,1,9,1981.0,1,0,1,0,1,0,0,0,0,0,0
202,3700000,2,44.0,7,9,1976.0,0,1,1,0,1,0,0,0,0,0,0
203,5000000,2,46.0,16,25,2021.0,0,1,0,1,0,0,0,0,0,0,1
204,3050000,2,43.9,4,5,1973.0,1,0,1,0,0,0,0,0,1,0,0
205,3950000,1,36.0,4,10,1987.0,0,1,1,0,0,0,0,0,0,0,1
206,3050000,2,43.3,1,9,1978.0,0,1,1,0,0,0,0,0,0,0,1
207,2900000,1,34.0,3,9,1978.0,1,0,0,1,0,0,0,0,0,0,1
208,6100000,3,69.2,5,9,1984.0,0,1,0,1,0,0,0,0,0,0,1
209,2796000,2,42.7,5,5,1962.0,1,0,0,1,0,0,1,0,0,0,0
210,1800000,1,34.4,5,5,1973.0,1,0,1,0,0,0,0,0,0,1,0
211,2700000,1,29.3,15,17,2016.0,1,0,0,1,0,0,0,0,0,1,0
212,4000000,2,44.0,3,9,1983.0,0,1,1,0,1,0,0,0,0,0,0
213,4200000,2,40.0,9,16,2021.0,0,1,0,1,1,0,0,0,0,0,0
214,3600000,2,56.0,2,10,2012.0,0,1,1,0,0,0,0,0,0,1,0
215,4599000,1,41.8,4,10,2007.0,0,1,1,0,0,1,0,0,0,0,0
216,2720000,2,44.3,1,5,1965.0,1,0,0,1,0,0,1,0,0,0,0
217,4590000,1,38.8,6,9,2016.0,0,1,0,1,0,0,0,0,1,0,0
218,2660000,1,37.0,5,9,1989.0,0,1,0,1,0,0,0,0,0,0,1
219,3100000,1,30.4,4,20,2021.0,1,0,0,1,0,1,0,0,0,0,0
220,4400000,3,57.8,5,9,1981.0,1,0,1,0,0,0,1,0,0,0,0
221,3050000,2,48.1,3,5,1969.0,1,0,1,0,0,0,0,0,0,0,1
222,4000000,1,30.5,5,5,1963.0,1,0,0,1,0,0,0,0,0,0,1
223,3120000,1,36.0,7,16,2016.0,0,1,0,1,0,0,1,0,0,0,0
224,3500000,2,42.9,4,5,1965.0,1,0,0,1,0,0,0,0,1,0,0
225,4350000,1,43.0,13,18,2012.0,0,1,0,1,1,0,0,0,0,0,0
226,3130000,1,30.0,2,5,1965.0,1,0,0,1,0,0,0,0,0,0,1
227,3990000,1,42.8,4,25,2017.0,0,1,0,1,0,0,0,0,1,0,0
228,7237000,3,80.0,3,25,2021.0,0,1,1,0,0,0,0,0,0,0,1
229,3200000,2,45.0,2,5,1983.0,1,0,1,0,0,1,0,0,0,0,0
230,3250000,2,55.3,5,17,2012.0,1,0,1,0,0,0,0,0,0,1,0
231,2990000,1,35.0,4,10,1994.0,1,0,1,0,0,0,0,0,1,0,0
232,4500000,2,53.0,2,9,2006.0,0,1,1,0,0,0,0,0,1,0,0
233,3500000,2,44.0,5,5,1962.0,1,0,0,1,1,0,0,0,0,0,0
234,3950000,1,39.0,18,19,2011.0,0,1,0,1,0,0,0,0,1,0,0
235,5000000,3,61.5,10,11,2002.0,0,1,1,0,0,1,0,0,0,0,0
236,3280000,1,41.0,8,10,2016.0,1,0,1,0,0,0,0,0,1,0,0
237,4400000,3,67.0,10,10,2003.0,1,0,1,0,0,0,0,0,1,0,0
238,3150000,2,43.6,3,5,1973.0,1,0,1,0,1,0,0,0,0,0,0
239,2450000,1,20.8,7,9,1983.0,1,0,0,1,1,0,0,0,0,0,0
240,4450000,2,57.5,1,16,1994.0,0,1,1,0,0,1,0,0,0,0,0
241,3600000,1,34.4,3,10,1988.0,0,1,1,0,0,0,0,0,0,0,1
242,2900000,2,47.0,4,5,1971.0,1,0,1,0,0,1,0,0,0,0,0
243,8500000,3,68.2,12,20,2013.0,0,1,0,1,0,0,0,0,0,0,1
244,3400000,1,31.5,3,5,1966.0,1,0,1,0,0,0,0,0,0,0,1
245,2900000,1,37.3,8,9,1975.0,0,1,0,1,0,1,0,0,0,0,0
246,4150000,2,43.7,4,9,1981.0,0,1,1,0,1,0,0,0,0,0,0
247,3190000,3,61.0,2,5,1983.0,1,0,1,0,0,0,0,0,1,0,0
248,4200000,2,50.3,8,10,1991.0,0,1,1,0,1,0,0,0,0,0,0
249,2430000,1,33.2,4,5,1986.0,1,0,0,1,0,0,0,0,0,0,1
250,5995000,1,46.1,11,17,2005.0,1,0,0,1,0,0,0,0,0,0,1
251,3550000,1,34.4,8,10,1989.0,0,1,1,0,0,0,0,0,1,0,0
252,5180000,3,60.5,8,9,1977.0,0,1,1,0,1,0,0,0,0,0,0
253,7200000,3,106.0,3,12,2006.0,0,1,1,0,0,0,1,0,0,0,0
254,1700000,1,23.0,1,5,2015.0,0,1,0,1,0,0,0,0,0,1,0
255,4200000,1,43.0,8,9,2014.0,0,1,0,1,1,0,0,0,0,0,0
256,9300000,4,103.2,7,16,2005.0,0,1,1,0,1,0,0,0,0,0,0
257,3670000,1,36.9,4,10,1987.0,1,0,1,0,1,0,0,0,0,0,0
258,3700000,2,49.0,3,18,2020.0,0,1,1,0,0,0,0,0,0,1,0
259,3280000,1,40.2,6,17,2018.0,1,0,1,0,0,0,0,0,1,0,0
260,3600000,3,61.0,9,9,1979.0,1,0,1,0,0,0,0,0,0,0,1
261,7500000,2,57.7,14,25,2007.0,0,1,0,1,1,0,0,0,0,0,0
262,4500000,1,35.0,3,9,2015.0,0,1,0,1,0,0,0,0,1,0,0
263,4350000,3,56.8,1,9,1973.0,0,1,1,0,0,1,0,0,0,0,0
264,4650000,2,44.0,4,9,1976.0,0,1,0,1,0,0,0,1,0,0,0
265,8650000,3,74.2,2,25,2017.0,0,1,1,0,0,0,0,0,0,0,1
266,4590000,2,49.0,9,10,1994.0,0,1,1,0,1,0,0,0,0,0,0
267,5300000,3,76.3,1,10,1994.0,0,1,1,0,1,0,0,0,0,0,0
268,4550000,2,53.7,2,4,2022.0,0,1,1,0,0,0,1,0,0,0,0
269,16900000,3,134.6,12,18,2005.0,0,1,0,1,0,0,0,1,0,0,0
270,2400000,2,47.0,2,2,1958.0,1,0,1,0,1,0,0,0,0,0,0
271,4550000,1,47.4,14,17,2021.0,0,1,0,1,0,0,0,0,1,0,0
272,10200000,3,90.0,21,25,2017.0,0,1,0,1,0,0,0,0,1,0,0
273,3650000,1,34.9,2,9,1989.0,1,0,1,0,1,0,0,0,0,0,0
274,2790000,1,38.0,7,10,2020.0,0,1,1,0,0,0,0,0,1,0,0
275,7000000,3,71.8,4,16,2018.0,1,0,1,0,0,1,0,0,0,0,0
276,2950000,3,57.1,2,5,1966.0,1,0,0,1,0,0,0,0,0,0,1
277,4700000,2,45.0,11,25,2020.0,1,0,0,1,0,0,0,0,0,0,1
278,3850000,3,61.0,2,2,1953.0,1,0,1,0,0,0,0,0,0,0,1
279,6500000,4,90.0,2,10,1992.0,1,0,1,0,0,0,0,0,0,0,1
280,3200000,3,62.2,1,5,1979.0,1,0,0,1,0,0,1,0,0,0,0
281,3000000,3,43.4,3,5,1966.0,1,0,0,1,0,0,0,0,1,0,0
282,4500000,3,59.7,5,9,1972.0,0,1,1,0,0,1,0,0,0,0,0
283,3350000,1,38.3,3,7,2008.0,0,1,1,0,1,0,0,0,0,0,0
284,7200000,4,104.0,3,10,2016.0,1,0,1,0,0,0,0,0,0,1,0
285,3100000,1,33.0,8,9,1990.0,0,1,1,0,0,1,0,0,0,0,0
286,3650000,2,43.2,4,5,1962.0,1,0,0,1,0,0,0,0,0,0,1
287,4050000,1,37.7,12,18,2020.0,0,1,0,1,0,1,0,0,0,0,0
288,4650000,3,60.0,2,9,1976.0,0,1,1,0,1,0,0,0,0,0,0
289,1750000,2,43.0,5,5,1964.0,1,0,0,1,0,0,1,0,0,0,0
290,3090000,1,33.0,6,16,2012.0,0,1,0,1,1,0,0,0,0,0,0
291,5100000,1,42.0,3,20,2011.0,1,0,0,1,0,0,0,0,1,0,0
292,2739000,1,33.0,2,5,1983.0,1,0,0,1,1,0,0,0,0,0,0
293,4717000,1,43.5,16,23,2021.0,0,1,0,1,0,0,0,0,0,0,1
294,2700000,1,21.0,20,25,2018.0,0,1,0,1,0,1,0,0,0,0,0
295,1450000,1,24.6,2,5,1964.0,1,0,0,1,0,1,0,0,0,0,0
296,2950000,1,33.3,3,5,1983.0,1,0,0,1,1,0,0,0,0,0,0
297,3230000,2,45.8,3,4,1962.0,1,0,0,1,0,0,0,0,1,0,0
298,3400000,1,35.0,3,4,2022.0,0,1,0,1,0,0,0,0,1,0,0
299,4000000,2,47.1,1,5,1984.0,0,1,1,0,0,1,0,0,0,0,0
300,4120000,1,50.0,9,16,2021.0,0,1,0,1,0,0,1,0,0,0,0
301,7500000,3,72.4,5,5,1958.0,1,0,0,1,0,0,0,0,0,0,1
302,2950000,1,34.4,8,9,1989.0,0,1,1,0,0,0,1,0,0,0,0
303,2995000,2,46.2,5,5,1961.0,1,0,0,1,0,1,0,0,0,0,0
304,6200000,3,76.0,3,9,1994.0,1,0,1,0,0,0,0,1,0,0,0
305,3800000,1,36.0,4,9,1985.0,0,1,1,0,0,0,0,0,0,0,1
306,6850000,3,64.2,5,11,1994.0,0,1,0,1,0,0,0,1,0,0,0
307,3500000,1,34.0,3,5,1989.0,1,0,0,1,0,0,0,0,0,0,1
308,5790000,3,67.0,3,9,1985.0,1,0,1,0,1,0,0,0,0,0,0
309,2400000,1,28.4,5,5,1960.0,1,0,0,1,0,0,0,0,1,0,0
310,5899000,2,55.6,6,25,2022.0,0,1,1,0,0,1,0,0,0,0,0
311,3250000,1,30.5,4,5,1971.0,1,0,0,1,0,1,0,0,0,0,0
312,5450000,4,86.7,7,10,1987.0,0,1,1,0,1,0,0,0,0,0,0
313,3250000,3,63.0,4,9,1974.0,1,0,1,0,0,0,0,0,0,1,0
314,2292000,1,22.0,10,20,2022.0,0,1,0,1,0,0,0,0,0,0,1
315,2400000,1,36.3,2,3,1943.0,0,1,1,0,0,0,0,0,0,0,1
316,4330000,1,41.5,11,20,2016.0,0,1,0,1,0,0,0,0,1,0,0
317,15500000,3,86.0,4,8,2021.0,0,1,0,1,0,0,0,0,0,0,1
318,5000000,1,47.0,21,25,2016.0,0,1,0,1,1,0,0,0,0,0,0
319,2900000,2,46.5,4,4,1962.0,1,0,0,1,0,0,0,0,1,0,0
320,3150000,1,32.0,4,5,1961.0,1,0,0,1,0,1,0,0,0,0,0
321,2770000,2,44.2,4,5,1973.0,1,0,1,0,0,0,0,0,1,0,0
322,3900000,3,71.0,8,9,1987.0,0,1,1,0,0,0,0,0,1,0,0
323,3350000,2,46.3,4,5,1983.0,1,0,1,0,0,1,0,0,0,0,0
324,4500000,3,60.1,3,9,1975.0,0,1,0,1,0,1,0,0,0,0,0
325,4930000,3,59.0,3,5,1972.0,1,0,0,1,0,0,0,1,0,0,0
326,3250000,1,36.6,8,9,1986.0,0,1,0,1,0,1,0,0,0,0,0
327,5790000,3,71.0,4,16,1995.0,0,1,1,0,1,0,0,0,0,0,0
328,4399000,3,66.6,1,12,1981.0,0,1,0,1,0,0,0,0,1,0,0
329,2840000,1,36.4,5,20,2021.0,0,1,0,1,0,0,0,0,1,0,0
330,9000000,4,113.0,3,4,2006.0,0,1,1,0,0,1,0,0,0,0,0
331,3100000,2,44.0,2,5,1962.0,1,0,0,1,0,0,0,0,1,0,0
332,4999000,2,57.0,1,25,2018.0,0,1,0,1,0,0,0,0,0,0,1
333,2799000,1,29.7,17,20,2021.0,0,1,0,1,0,0,0,0,1,0,0
334,3550000,3,53.0,8,9,1981.0,0,1,0,1,0,0,0,0,0,0,1
335,3999000,4,61.0,4,5,1966.0,1,0,0,1,1,0,0,0,0,0,0
336,4750000,2,50.3,7,17,2021.0,0,1,0,1,0,0,0,0,1,0,0
337,4440000,3,54.5,12,14,1976.0,0,1,1,0,1,0,0,0,0,0,0
338,3150000,2,44.6,2,5,1967.0,1,0,0,1,0,0,0,0,1,0,0
339,15600000,3,118.4,2,6,2014.0,1,0,1,0,0,0,0,0,0,0,1
340,4940000,3,44.9,14,25,2021.0,0,1,0,1,0,0,0,0,0,0,1
341,3600000,2,44.7,2,5,1967.0,1,0,1,0,0,0,0,0,1,0,0
342,3400000,3,68.0,9,9,2007.0,0,1,1,0,0,0,0,0,0,1,0
343,3197000,2,43.2,3,5,1972.0,1,0,0,1,0,0,0,0,0,0,1
344,3950000,1,42.3,2,19,2014.0,0,1,1,0,0,0,0,0,1,0,0
345,3510000,1,27.0,18,25,2020.0,0,1,0,1,0,0,0,0,0,0,1
346,3349000,2,44.0,4,5,1963.0,1,0,0,1,0,0,0,0,0,0,1
347,5750000,2,51.0,7,11,2008.0,1,0,1,0,0,0,0,0,1,0,0
348,4260000,2,50.6,2,10,2014.0,0,1,1,0,0,0,0,0,1,0,0
349,5000000,2,60.0,13,16,2022.0,0,1,1,0,0,0,1,0,0,0,0
350,3415000,1,38.0,2,16,2016.0,1,0,0,1,0,0,1,0,0,0,0
351,4800000,3,62.6,2,10,1989.0,0,1,1,0,0,0,0,0,0,0,1
352,3100000,2,44.0,7,9,1977.0,0,1,1,0,0,0,0,0,1,0,0
353,3350000,2,45.0,5,5,1961.0,1,0,0,1,0,0,0,0,1,0,0
354,2145000,2,45.0,2,5,1973.0,1,0,0,1,0,0,0,0,0,1,0
355,3450000,1,40.2,17,17,2010.0,0,1,1,0,0,0,0,0,1,0,0
356,4200000,3,62.9,5,9,1971.0,0,1,1,0,0,1,0,0,0,0,0
357,3380000,1,40.1,16,17,2015.0,1,0,1,0,0,0,0,0,1,0,0
358,3150000,2,41.0,3,5,1968.0,1,0,0,1,0,1,0,0,0,0,0
359,3100000,2,40.4,4,5,1961.0,1,0,0,1,0,1,0,0,0,0,0
360,3400000,3,43.1,5,5,1964.0,1,0,0,1,0,1,0,0,0,0,0
361,4399000,1,34.2,13,25,2019.0,0,1,0,1,1,0,0,0,0,0,0
362,4700000,2,53.6,14,17,2015.0,0,1,1,0,0,0,0,0,1,0,0
363,10500000,3,84.7,15,31,2020.0,0,1,1,0,0,0,0,0,0,0,1
364,7000000,3,100.4,10,14,2009.0,0,1,0,1,0,0,0,0,0,1,0
365,3800000,3,58.5,5,5,1971.0,1,0,1,0,0,0,0,0,0,0,1
366,5730000,3,60.5,11,14,1979.0,0,1,1,0,1,0,0,0,0,0,0
367,1700000,2,47.5,2,2,1957.0,1,0,1,0,0,0,0,0,0,1,0
368,5850000,4,82.0,3,10,1994.0,1,0,1,0,0,0,1,0,0,0,0
369,3450000,2,50.4,8,9,1984.0,0,1,1,0,0,0,0,0,0,0,1
370,5500000,3,74.5,15,19,2017.0,0,1,1,0,0,0,0,0,0,0,1
371,2290000,1,30.0,5,5,1972.0,1,0,0,1,0,0,1,0,0,0,0
372,2580000,2,45.0,2,2,1960.0,1,0,0,1,0,1,0,0,0,0,0
373,9300000,3,81.1,4,7,2007.0,0,1,0,1,1,0,0,0,0,0,0
374,5550000,4,85.9,9,9,1989.0,0,1,1,0,0,0,1,0,0,0,0
375,2250000,2,46.0,2,2,1959.0,1,0,0,1,0,0,0,0,1,0,0
376,3650000,3,54.9,7,14,1981.0,0,1,1,0,0,0,0,0,0,0,1
377,3750000,1,38.2,7,10,2008.0,0,1,1,0,0,1,0,0,0,0,0
378,20000000,4,136.0,10,19,2019.0,0,1,1,0,0,0,0,1,0,0,0
379,5120000,4,77.2,4,12,1979.0,0,1,1,0,0,0,1,0,0,0,0
380,5350000,2,44.0,7,19,2011.0,0,1,0,1,1,0,0,0,0,0,0
381,4250000,3,60.0,1,9,1973.0,0,1,0,1,0,1,0,0,0,0,0
382,2350000,1,32.0,1,5,1980.0,1,0,0,1,1,0,0,0,0,0,0
383,1750000,1,32.8,2,3,1959.0,1,0,0,1,0,0,0,0,0,1,0
384,4000000,1,45.5,4,18,2009.0,0,1,0,1,1,0,0,0,0,0,0
385,4290000,2,44.0,6,9,1973.0,0,1,1,0,0,0,0,1,0,0,0
386,6592000,3,75.0,11,25,2021.0,0,1,1,0,0,0,0,0,0,0,1
387,2190000,1,31.3,2,5,1964.0,1,0,0,1,1,0,0,0,0,0,0
388,6000000,3,61.2,25,25,2019.0,0,1,0,1,0,0,0,0,0,0,1
389,3750000,1,43.9,1,16,2012.0,0,1,0,1,1,0,0,0,0,0,0
390,4000000,3,63.1,2,5,1963.0,1,0,1,0,0,0,0,0,0,0,1
391,3590000,2,43.0,4,9,1976.0,0,1,1,0,0,0,0,0,0,0,1
392,2900000,1,38.3,3,10,2007.0,0,1,1,0,0,0,0,0,0,1,0
393,4090000,3,53.0,4,9,1975.0,0,1,1,0,0,0,0,0,0,0,1
394,5740000,2,77.0,10,19,2014.0,0,1,1,0,0,0,0,0,0,0,1
395,4900000,3,73.0,2,4,1958.0,1,0,1,0,0,1,0,0,0,0,0
396,3300000,2,45.0,5,5,1962.0,1,0,0,1,0,1,0,0,0,0,0
397,3937500,1,37.5,8,17,2015.0,0,1,0,1,0,0,0,0,0,0,1
398,3350000,1,42.1,11,16,2016.0,0,1,0,1,0,0,1,0,0,0,0
399,2399000,1,30.9,4,5,1971.0,1,0,0,1,0,0,0,0,0,0,1
400,3750000,2,50.0,3,12,1975.0,0,1,1,0,0,0,0,0,0,0,1
401,3850000,1,29.0,19,19,2020.0,0,1,0,1,0,0,0,0,0,0,1
402,2650000,1,24.3,4,5,1983.0,1,0,0,1,0,1,0,0,0,0,0
403,3100000,2,44.9,5,5,1971.0,1,0,1,0,0,0,0,0,1,0,0
404,6650000,4,81.9,12,16,1990.0,1,0,1,0,0,0,0,0,0,0,1
405,5300000,2,45.0,2,19,2016.0,1,0,0,1,0,1,0,0,0,0,0
406,3060000,2,40.4,4,5,1960.0,1,0,0,1,0,0,0,0,0,0,1
407,5790000,3,79.0,25,25,2018.0,0,1,1,0,0,0,0,0,0,0,1
408,5500000,4,81.7,7,9,1990.0,1,0,1,0,0,0,1,0,0,0,0
409,3390000,1,40.1,5,12,2018.0,1,0,1,0,0,0,0,0,1,0,0
410,5990000,3,66.0,3,17,2011.0,0,1,1,0,0,0,0,0,0,0,1
411,3980000,3,67.4,9,10,1991.0,1,0,1,0,0,0,0,0,0,0,1
412,2190000,2,46.3,3,5,1984.0,1,0,1,0,0,0,0,0,0,1,0
413,3150000,2,40.0,4,5,1960.0,1,0,0,1,1,0,0,0,0,0,0
414,3700000,2,53.0,5,9,1987.0,0,1,1,0,0,0,1,0,0,0,0
415,4500000,1,35.0,6,15,1988.0,0,1,0,1,0,0,0,1,0,0,0
416,3550000,1,37.8,4,4,2022.0,0,1,0,1,0,0,1,0,0,0,0
417,5600000,2,45.0,12,25,2018.0,0,1,0,1,0,0,0,0,0,0,1
418,3690000,1,29.9,8,8,2020.0,1,0,0,1,0,0,0,0,1,0,0
419,5850000,2,74.0,4,9,2015.0,0,1,1,0,1,0,0,0,0,0,0
420,2700000,2,59.6,2,2,1950.0,0,1,0,1,0,0,1,0,0,0,0
421,6700000,3,81.3,17,18,1995.0,0,1,1,0,1,0,0,0,0,0,0
422,6500000,1,49.3,8,10,2003.0,1,0,0,1,1,0,0,0,0,0,0
423,2600000,2,45.8,3,5,1975.0,1,0,1,0,0,0,0,0,1,0,0
424,2600000,1,31.0,3,5,1966.0,1,0,1,0,0,0,0,0,1,0,0
425,7700000,3,86.0,14,14,2019.0,0,1,0,1,0,1,0,0,0,0,0
426,4300000,1,37.9,21,25,2017.0,0,1,0,1,0,1,0,0,0,0,0
427,2600000,1,30.1,5,5,1968.0,1,0,1,0,0,0,0,0,0,0,1
428,3100000,1,34.0,3,10,2006.0,0,1,1,0,0,0,0,0,0,0,1
429,4450000,3,53.7,5,9,1973.0,0,1,1,0,0,1,0,0,0,0,0
430,3700000,3,60.0,3,5,1982.0,0,1,1,0,0,0,0,0,0,1,0
431,1880000,1,33.8,4,5,2015.0,0,1,0,1,0,0,0,0,0,1,0
432,7200000,2,56.1,8,25,2017.0,0,1,0,1,0,0,0,0,0,0,1
433,4500000,1,43.0,11,25,2021.0,1,0,0,1,0,1,0,0,0,0,0
434,3350000,1,34.0,6,10,2010.0,0,1,1,0,0,0,1,0,0,0,0
435,3200000,1,35.4,15,16,2018.0,0,1,0,1,0,0,1,0,0,0,0
436,4750000,2,57.0,5,10,1987.0,0,1,1,0,0,0,0,0,0,0,1
437,3650000,3,63.6,2,5,1987.0,0,1,1,0,0,0,0,0,0,1,0
438,3850000,2,44.9,4,5,1967.0,1,0,0,1,0,0,0,0,1,0,0
439,3500000,1,31.2,2,5,1966.0,1,0,1,0,1,0,0,0,0,0,0
440,3900000,3,59.6,3,9,1975.0,0,1,1,0,0,0,0,0,0,0,1
441,8300000,3,82.0,9,16,2005.0,0,1,0,1,0,1,0,0,0,0,0
442,3500000,2,47.8,24,24,2020.0,1,0,0,1,0,0,0,0,0,1,0
443,3850000,1,38.7,10,10,2004.0,0,1,1,0,1,0,0,0,0,0,0
444,6500000,3,65.0,10,16,2017.0,0,1,1,0,0,1,0,0,0,0,0
445,4000000,1,37.4,24,25,2018.0,0,1,0,1,0,0,0,0,0,0,1
446,5130000,2,54.0,9,16,1999.0,0,1,1,0,1,0,0,0,0,0,0
447,6200000,2,60.0,17,17,2011.0,1,0,1,0,0,0,0,0,1,0,0
448,3000000,1,41.0,9,10,2018.0,1,0,1,0,0,0,0,0,1,0,0
449,5599000,2,63.4,25,25,2013.0,1,0,1,0,0,0,0,0,1,0,0
450,4850000,3,66.3,8,9,1986.0,1,0,1,0,0,0,0,0,1,0,0
451,2470000,1,31.0,7,9,1983.0,1,0,0,1,0,0,0,0,0,0,1
452,3450000,2,45.0,4,5,1966.0,1,0,1,0,0,0,0,0,1,0,0
453,4980000,3,71.8,4,4,1959.0,1,0,1,0,0,1,0,0,0,0,0
454,4200000,1,42.1,16,16,2008.0,0,1,1,0,0,0,0,0,0,0,1
455,4300000,2,53.0,7,10,2001.0,1,0,1,0,0,1,0,0,0,0,0
456,3890000,1,50.0,4,16,2007.0,0,1,0,1,0,0,1,0,0,0,0
457,4800000,4,84.2,2,9,1990.0,1,0,1,0,0,1,0,0,0,0,0
458,2150000,1,30.2,3,9,1982.0,1,0,0,1,0,0,0,0,0,0,1
459,3350000,2,49.6,5,12,1980.0,0,1,1,0,0,0,0,0,0,0,1
460,5800000,3,66.3,3,9,1994.0,1,0,1,0,0,0,0,1,0,0,0
461,3900000,1,42.2,1,4,2022.0,0,1,0,1,0,0,0,0,1,0,0
462,7800000,2,76.7,7,13,2012.0,1,0,1,0,0,0,0,0,1,0,0
463,3700000,1,50.0,2,19,2020.0,0,1,0,1,1,0,0,0,0,0,0
464,13200000,3,96.5,20,25,2017.0,0,1,0,1,0,0,0,0,0,0,1
465,4700000,2,46.0,3,23,2019.0,0,1,0,1,0,1,0,0,0,0,0
466,6050000,2,56.2,2,19,2016.0,0,1,1,0,0,0,0,0,0,0,1
467,6900000,3,57.1,5,12,2020.0,1,0,0,1,0,0,0,0,1,0,0
468,3450000,3,82.6,2,2,1954.0,1,0,1,0,0,0,1,0,0,0,0
469,5800000,3,62.0,5,9,1970.0,0,1,1,0,0,0,0,1,0,0,0
470,2900000,1,30.8,4,5,1964.0,1,0,0,1,0,0,0,0,1,0,0
471,4800000,3,57.6,4,9,1982.0,1,0,0,1,0,1,0,0,0,0,0
472,4650000,1,38.0,24,25,2016.0,0,1,0,1,0,0,0,0,1,0,0
473,5000000,3,68.6,3,9,1987.0,1,0,0,1,0,0,1,0,0,0,0
474,5850000,4,85.4,9,10,1992.0,0,1,1,0,0,0,0,0,0,0,1
475,3100000,3,61.2,4,5,1981.0,1,0,1,0,0,0,0,0,0,1,0
476,3400000,3,58.0,2,5,1963.0,1,0,0,1,0,0,1,0,0,0,0
477,3500000,2,43.7,5,5,1971.0,1,0,1,0,1,0,0,0,0,0,0
478,3400000,2,43.5,7,9,1984.0,1,0,1,0,0,1,0,0,0,0,0
479,2950000,2,44.8,4,5,1972.0,1,0,1,0,0,0,0,0,1,0,0
480,4100000,3,92.3,5,6,2003.0,0,1,1,0,0,0,0,0,0,1,0
481,3650000,1,27.0,9,25,2020.0,0,1,0,1,0,0,0,0,0,0,1
482,4900000,3,67.0,9,9,1986.0,1,0,1,0,1,0,0,0,0,0,0
483,6150000,3,62.0,2,9,1981.0,1,0,0,1,0,0,0,1,0,0,0
484,2600000,2,41.0,3,5,1960.0,1,0,0,1,0,0,1,0,0,0,0
485,2100000,1,31.0,3,3,1960.0,1,0,0,1,0,0,0,0,0,1,0
486,5600000,2,52.0,3,9,1988.0,0,1,0,1,0,0,0,1,0,0,0
487,7650000,2,57.8,13,17,2007.0,0,1,0,1,0,0,0,0,1,0,0
488,3650000,2,43.8,2,5,1970.0,1,0,1,0,0,0,0,0,0,0,1
489,4100000,1,40.2,18,25,2021.0,0,1,0,1,0,1,0,0,0,0,0
490,3500000,2,46.0,3,5,1971.0,1,0,1,0,0,0,0,0,1,0,0
491,3450000,3,52.1,2,2,1967.0,1,0,1,0,0,0,1,0,0,0,0
492,4999990,3,69.1,6,10,2001.0,1,0,1,0,0,1,0,0,0,0,0
493,5100000,3,74.0,6,16,1988.0,0,1,0,1,0,0,0,0,1,0,0
494,3400000,2,47.2,3,5,1972.0,1,0,1,0,0,1,0,0,0,0,0
495,3000000,1,34.3,10,10,2018.0,0,1,1,0,0,0,0,0,1,0,0
496,2850000,1,33.2,3,5,1982.0,0,1,0,1,0,1,0,0,0,0,0
497,2590000,1,30.3,4,5,1967.0,1,0,1,0,0,0,0,0,1,0,0
498,3500000,1,30.4,1,4,2017.0,1,0,0,1,0,0,0,0,1,0,0
499,3200000,2,47.8,1,5,1970.0,1,0,0,1,0,1,0,0,0,0,0
500,5500000,2,43.0,15,22,2021.0,0,1,0,1,0,0,0,0,0,0,1
501,2250000,3,64.7,2,2,1957.0,1,0,1,0,0,0,1,0,0,0,0
502,2850000,2,45.5,4,5,1967.0,1,0,0,1,0,0,0,0,0,1,0
503,1800000,1,24.0,4,5,1979.0,1,0,0,1,0,0,0,0,0,1,0
504,3850000,3,71.4,9,9,1990.0,1,0,1,0,0,0,0,0,1,0,0
505,5200000,2,51.9,10,10,2000.0,0,1,1,0,1,0,0,0,0,0,0
506,4800000,1,46.5,19,25,2021.0,1,0,0,1,0,0,0,0,0,0,1
507,5800000,3,64.3,4,10,1991.0,1,0,1,0,0,0,0,1,0,0,0
508,3200000,1,28.7,6,10,2022.0,0,1,0,1,0,0,0,0,1,0,0
509,4800000,2,46.0,4,5,2019.0,0,1,0,1,0,1,0,0,0,0,0
510,3560000,1,25.0,8,17,2022.0,0,1,0,1,0,0,0,0,0,0,1
511,3370000,1,34.0,8,9,2002.0,1,0,0,1,0,0,0,0,1,0,0
512,5200000,3,60.6,7,9,1982.0,0,1,0,1,0,0,0,0,0,0,1
513,5500000,2,66.7,3,5,1958.0,1,0,1,0,0,0,0,0,0,0,1
514,4699000,3,63.0,5,10,1997.0,0,1,1,0,0,0,1,0,0,0,0
515,4500000,4,81.3,7,16,2013.0,0,1,1,0,0,0,0,0,0,1,0
516,2290000,1,30.1,5,5,1974.0,1,0,0,1,0,0,0,0,1,0,0
517,2850000,1,41.3,7,16,2015.0,0,1,0,1,0,0,0,0,0,1,0
518,5800000,2,55.0,3,25,2017.0,0,1,0,1,0,1,0,0,0,0,0
519,4470000,3,62.0,2,5,1969.0,1,0,0,1,1,0,0,0,0,0,0
520,5500000,3,61.0,3,9,1988.0,0,1,1,0,0,0,0,0,0,0,1
521,5300000,2,70.1,19,25,2012.0,0,1,1,0,0,0,0,0,1,0,0
522,3600000,2,46.0,2,5,1974.0,1,0,0,1,0,0,0,0,0,0,1
523,6540000,2,62.0,3,15,2007.0,0,1,0,1,0,0,0,0,1,0,0
524,3300000,3,59.1,6,9,1973.0,1,0,1,0,0,0,0,0,0,0,1
525,7250000,2,59.5,6,7,2015.0,0,1,0,1,1,0,0,0,0,0,0
526,4800000,2,62.4,7,18,2014.0,1,0,1,0,0,0,0,0,0,1,0
527,4500000,2,55.8,6,14,1982.0,0,1,1,0,0,0,0,0,1,0,0
528,2500000,3,82.0,2,2,1950.0,1,0,1,0,0,0,1,0,0,0,0
529,5995000,2,61.1,5,8,2020.0,0,1,0,1,1,0,0,0,0,0,0
530,2950000,1,34.0,2,5,1984.0,1,0,0,1,0,1,0,0,0,0,0
531,2780000,1,31.0,5,5,1970.0,1,0,1,0,1,0,0,0,0,0,0
532,11000000,6,154.6,15,16,2009.0,1,0,1,0,1,0,0,0,0,0,0
533,6700000,2,50.8,3,7,2021.0,0,1,0,1,1,0,0,0,0,0,0
534,3100000,1,31.6,5,5,1974.0,1,0,0,1,0,0,0,0,0,0,1
535,6150000,2,55.4,25,25,2016.0,0,1,0,1,0,0,0,0,1,0,0
536,4490000,2,52.0,7,9,1987.0,1,0,1,0,0,0,0,0,1,0,0
537,4550000,1,34.7,10,11,2003.0,1,0,0,1,0,0,0,0,0,0,1
538,5100000,4,81.7,3,3,1958.0,1,0,0,1,0,0,0,0,1,0,0
539,3400000,2,42.0,2,5,1963.0,1,0,0,1,0,0,0,0,0,0,1
540,6990000,3,79.2,17,25,2018.0,0,1,1,0,0,0,0,0,0,0,1
541,7200000,3,80.0,21,25,2022.0,0,1,1,0,0,0,0,0,0,0,1
542,3750000,3,59.0,3,5,1976.0,1,0,1,0,0,1,0,0,0,0,0
543,2100000,1,30.2,2,5,1974.0,1,0,0,1,0,0,1,0,0,0,0
544,5400000,3,56.2,2,5,1965.0,1,0,0,1,0,0,0,1,0,0,0
545,4700000,3,72.0,4,4,1959.0,1,0,1,0,0,1,0,0,0,0,0
546,5650000,3,67.0,5,9,1985.0,1,0,0,1,1,0,0,0,0,0,0
547,2990000,1,40.2,1,16,2015.0,0,1,0,1,0,0,0,0,0,1,0
548,3850000,2,43.8,9,9,1981.0,1,0,1,0,1,0,0,0,0,0,0
549,7550000,3,84.4,7,16,2006.0,0,1,1,0,1,0,0,0,0,0,0
550,2800000,1,29.0,4,5,1962.0,1,0,0,1,1,0,0,0,0,0,0
551,4200000,3,53.3,3,9,1984.0,0,1,1,0,0,0,0,0,1,0,0
552,2690000,1,34.4,4,9,1986.0,1,0,1,0,0,0,0,0,0,0,1
553,4600000,2,43.0,2,9,1973.0,0,1,1,0,0,0,0,1,0,0,0
554,5649000,1,50.0,20,21,2013.0,0,1,0,1,0,0,0,0,0,0,1
555,3450000,1,37.0,2,6,2018.0,1,0,0,1,0,0,0,0,1,0,0
556,6550000,3,64.5,8,10,1994.0,0,1,1,0,0,0,0,0,1,0,0
557,4150000,2,51.4,6,9,1974.0,0,1,1,0,1,0,0,0,0,0,0
558,4800000,2,61.1,4,16,2014.0,0,1,1,0,0,0,0,0,0,1,0
559,3599000,3,59.8,5,5,1984.0,0,1,1,0,0,0,0,0,1,0,0
560,3900000,1,30.0,20,20,2021.0,0,1,0,1,0,1,0,0,0,0,0
561,2850000,2,43.3,3,5,1961.0,1,0,0,1,0,0,0,0,0,0,1
562,3500000,1,31.0,1,19,2020.0,1,0,0,1,0,0,0,0,0,0,1
563,6000000,3,60.0,8,9,1971.0,0,1,1,0,0,0,0,1,0,0,0
564,8405000,2,74.9,9,12,2021.0,1,0,1,0,0,1,0,0,0,0,0
565,3790000,2,43.2,8,9,1984.0,0,1,1,0,1,0,0,0,0,0,0
566,9097000,3,94.2,3,25,2021.0,1,0,1,0,0,1,0,0,0,0,0
567,3000000,1,29.4,4,5,1976.0,1,0,0,1,1,0,0,0,0,0,0
568,2350000,2,45.7,2,5,1967.0,1,0,0,1,0,0,1,0,0,0,0
569,7900000,4,106.2,5,10,2003.0,0,1,1,0,1,0,0,0,0,0,0
570,5380000,2,41.8,3,17,2016.0,0,1,0,1,0,1,0,0,0,0,0
571,4800000,3,60.7,3,9,1978.0,0,1,1,0,0,1,0,0,0,0,0
572,2700000,1,30.0,3,5,1966.0,1,0,0,1,0,0,0,0,0,0,1
573,1910000,1,31.0,5,5,1975.0,1,0,0,1,0,0,0,0,0,1,0
574,4150000,2,51.0,3,10,1997.0,0,1,1,0,0,1,0,0,0,0,0
575,4400000,1,42.5,6,12,1984.0,0,1,0,1,0,0,0,1,0,0,0
576,4080000,2,52.2,6,10,2007.0,0,1,1,0,0,0,1,0,0,0,0
577,3400000,1,38.8,2,10,1989.0,1,0,1,0,1,0,0,0,0,0,0
578,6080000,2,52.0,14,25,2020.0,0,1,0,1,1,0,0,0,0,0,0
579,3650000,2,55.2,4,16,2017.0,0,1,1,0,0,0,0,0,0,1,0
580,9150000,3,93.0,15,22,2013.0,0,1,1,0,0,0,0,0,0,0,1
581,6974000,3,63.0,7,22,2021.0,0,1,0,1,0,0,0,0,0,0,1
582,4500000,2,56.0,8,10,1992.0,0,1,0,1,1,0,0,0,0,0,0
583,6500000,3,67.0,8,10,1994.0,1,0,1,0,0,1,0,0,0,0,0
584,5050000,2,55.0,3,5,1962.0,1,0,1,0,0,0,0,1,0,0,0
585,7490000,3,77.0,11,16,2012.0,0,1,1,0,0,0,0,0,0,0,1
586,4700000,2,58.4,6,12,1999.0,0,1,1,0,0,1,0,0,0,0,0
587,12900000,3,86.4,22,25,2021.0,0,1,1,0,0,0,0,0,0,0,1
588,2490000,2,45.5,5,5,1981.0,1,0,1,0,0,0,1,0,0,0,0
589,3690000,1,37.9,10,20,2016.0,0,1,0,1,0,0,0,0,0,0,1
590,2100000,2,33.3,2,5,1970.0,0,1,0,1,0,0,0,0,0,0,1
591,6669000,1,35.8,5,25,2019.0,0,1,0,1,0,0,0,0,0,0,1
592,5100000,3,66.1,9,9,1989.0,0,1,1,0,0,1,0,0,0,0,0
593,6300000,2,80.0,8,16,2007.0,0,1,0,1,0,0,0,0,0,0,1
594,2950000,2,47.3,3,5,1970.0,1,0,1,0,1,0,0,0,0,0,0
595,2500000,1,31.0,5,5,1973.0,1,0,0,1,0,0,0,0,0,0,1
596,6690000,3,83.9,12,17,2008.0,0,1,1,0,0,0,1,0,0,0,0
597,3100000,1,35.0,4,4,2016.0,0,1,0,1,0,0,0,0,1,0,0
598,3550000,1,35.0,13,17,2011.0,0,1,0,1,0,0,0,0,0,0,1
599,3000000,2,48.0,5,5,1965.0,1,0,1,0,0,0,0,0,1,0,0
600,4275000,2,67.0,7,16,2017.0,0,1,0,1,0,0,0,0,0,1,0
601,1900000,2,44.6,3,5,1972.0,1,0,1,0,0,0,1,0,0,0,0
602,2900000,3,50.7,2,5,1969.0,1,0,1,0,0,0,1,0,0,0,0
603,3500000,3,62.0,2,5,1978.0,1,0,1,0,1,0,0,0,0,0,0
604,5190000,2,49.0,2,4,2018.0,0,1,0,1,0,0,0,0,1,0,0
605,7900000,3,82.0,3,16,2013.0,1,0,1,0,0,0,0,0,1,0,0
606,6100000,3,60.0,2,9,1985.0,0,1,1,0,0,0,0,0,0,0,1
607,2900000,1,30.4,3,5,1964.0,1,0,0,1,0,0,0,0,1,0,0
608,5000000,3,67.1,3,10,1988.0,1,0,1,0,0,1,0,0,0,0,0
609,4500000,3,60.0,3,5,1989.0,0,1,0,1,0,0,0,0,0,0,1
610,5900000,3,72.0,9,16,1993.0,1,0,0,1,0,0,0,0,1,0,0
611,7500000,3,88.0,16,17,2021.0,0,1,0,1,0,0,0,0,1,0,0
612,3500000,2,60.0,3,10,2011.0,0,1,1,0,0,0,0,0,0,1,0
613,3599000,1,38.0,2,14,1978.0,0,1,0,1,0,1,0,0,0,0,0
614,3450000,1,36.7,13,16,2011.0,0,1,0,1,0,0,0,0,1,0,0
615,2800000,1,34.0,16,18,2016.0,0,1,0,1,0,0,0,0,0,1,0
616,5800000,2,56.3,7,16,2015.0,1,0,1,0,1,0,0,0,0,0,0
617,3890000,2,43.5,5,9,1982.0,0,1,0,1,0,1,0,0,0,0,0
618,7650000,3,87.2,3,16,2010.0,0,1,1,0,1,0,0,0,0,0,0
619,4300000,3,52.7,4,9,1982.0,0,1,0,1,0,0,0,0,0,1,0
620,13300000,4,149.5,5,9,1998.0,0,1,1,0,0,0,0,0,1,0,0
621,8490000,4,110.0,3,14,2003.0,0,1,1,0,1,0,0,0,0,0,0
622,5800000,4,105.2,3,10,2005.0,0,1,1,0,1,0,0,0,0,0,0
623,3100000,2,47.4,2,5,1969.0,0,1,1,0,0,0,0,0,0,0,1
624,4550000,3,55.5,2,5,1960.0,1,0,0,1,0,0,0,0,0,0,1
625,7500000,3,72.0,9,21,2017.0,1,0,1,0,1,0,0,0,0,0,0
626,2380000,1,30.1,4,5,1968.0,1,0,1,0,0,0,0,0,0,0,1
627,17900000,4,192.3,2,8,2003.0,0,1,1,0,0,0,0,0,0,0,1
628,7990000,3,81.5,9,10,2006.0,0,1,1,0,0,0,0,0,1,0,0
629,3200000,2,43.0,4,5,1962.0,1,0,0,1,0,1,0,0,0,0,0
630,5500000,2,59.0,5,16,2012.0,0,1,1,0,0,0,0,0,0,0,1
631,2700000,2,45.0,1,5,1966.0,1,0,1,0,0,0,1,0,0,0,0
632,3550000,2,45.4,3,5,1962.0,1,0,0,1,0,1,0,0,0,0,0
633,2500000,2,47.0,2,2,1957.0,1,0,1,0,0,0,1,0,0,0,0
634,4100000,2,52.5,6,10,2001.0,0,1,1,0,0,1,0,0,0,0,0
635,5050000,3,73.6,4,5,1963.0,1,0,1,0,0,0,0,0,1,0,0
636,6220000,2,57.8,6,21,2017.0,0,1,0,1,1,0,0,0,0,0,0
637,2700000,2,57.0,2,3,1959.0,1,0,1,0,0,0,1,0,0,0,0
638,4490000,1,45.9,13,25,2016.0,0,1,0,1,0,0,0,0,1,0,0
639,6740000,1,55.6,23,25,2011.0,0,1,0,1,0,0,0,0,0,0,1
640,4700000,3,57.6,5,9,1981.0,1,0,1,0,1,0,0,0,0,0,0
641,4000000,2,55.6,6,14,1978.0,1,0,1,0,0,1,0,0,0,0,0
642,5730000,3,68.6,5,10,1995.0,0,1,1,0,1,0,0,0,0,0,0
643,6399000,2,45.0,19,25,2018.0,0,1,0,1,0,0,0,0,0,0,1
644,3350000,2,52.3,9,9,1972.0,0,1,0,1,0,0,0,0,0,0,1
645,2500000,1,32.0,2,5,1960.0,1,0,0,1,0,1,0,0,0,0,0
646,5280000,3,60.0,3,9,1974.0,0,1,0,1,0,1,0,0,0,0,0
647,3399000,2,49.2,1,3,2012.0,0,1,0,1,1,0,0,0,0,0,0
648,4840000,3,55.0,4,5,1964.0,1,0,0,1,0,0,0,0,1,0,0
649,5150000,1,43.9,11,19,2014.0,1,0,0,1,0,0,0,0,0,0,1
650,11170000,4,122.2,2,10,1998.0,0,1,1,0,0,1,0,0,0,0,0
651,3100000,2,44.5,5,5,1972.0,1,0,1,0,1,0,0,0,0,0,0
652,4400000,2,45.4,3,9,1977.0,0,1,0,1,0,0,0,0,0,0,1
653,4150000,3,64.0,5,9,1983.0,0,1,1,0,0,0,0,0,0,0,1
654,4800000,1,46.0,14,25,2021.0,0,1,0,1,0,0,0,0,0,0,1
655,5650000,2,44.0,3,5,1961.0,1,0,0,1,0,0,0,0,0,0,1
656,4500000,3,62.9,7,9,1976.0,0,1,0,1,0,0,1,0,0,0,0
657,4600000,3,66.5,3,9,1979.0,0,1,1,0,0,0,0,0,0,1,0
658,2900000,1,36.6,5,9,1986.0,0,1,0,1,0,0,1,0,0,0,0
659,4700000,3,56.8,6,9,1982.0,1,0,1,0,0,1,0,0,0,0,0
660,7180000,1,39.0,10,25,2017.0,0,1,0,1,0,0,0,0,0,0,1
661,3300000,2,52.3,10,10,1991.0,0,1,1,0,0,0,0,0,1,0,0
662,3590000,1,47.3,10,16,2009.0,0,1,0,1,1,0,0,0,0,0,0
663,3000000,1,33.0,5,12,1980.0,1,0,1,0,1,0,0,0,0,0,0
664,3200000,2,56.0,15,17,2017.0,0,1,1,0,0,0,0,0,0,1,0
665,1980000,1,30.4,2,5,1967.0,1,0,0,1,0,0,1,0,0,0,0
666,15450000,3,154.5,3,6,1999.0,0,1,1,0,0,0,0,0,0,0,1
667,3300000,1,35.2,4,14,1990.0,0,1,0,1,0,0,0,0,0,0,1
668,3600000,3,60.0,3,9,1972.0,0,1,1,0,0,0,0,0,0,0,1
669,3500000,4,61.5,4,5,1968.0,1,0,1,0,1,0,0,0,0,0,0
670,2100000,2,45.9,5,5,1992.0,1,0,1,0,0,0,0,0,0,1,0
671,4000000,1,51.3,3,17,2021.0,0,1,0,1,0,0,0,0,1,0,0
672,3500000,3,58.7,4,5,1970.0,1,0,1,0,0,0,0,0,1,0,0
673,3750000,2,44.6,2,5,1967.0,1,0,1,0,0,0,0,0,1,0,0
674,3690000,3,71.1,9,10,1987.0,1,0,1,0,0,0,0,0,1,0,0
675,6800000,2,65.6,6,12,2010.0,1,0,1,0,0,0,0,0,0,0,1
676,7700000,3,83.7,4,25,2016.0,0,1,1,0,1,0,0,0,0,0,0
677,4250000,1,42.1,3,11,2005.0,0,1,1,0,0,0,0,0,0,0,1
678,3500000,2,53.1,2,10,2011.0,0,1,1,0,0,0,0,0,0,1,0
679,5990000,2,56.9,6,10,2015.0,0,1,1,0,1,0,0,0,0,0,0
680,7000000,4,76.8,2,9,1983.0,0,1,1,0,1,0,0,0,0,0,0
681,4550000,2,55.8,8,10,2019.0,0,1,1,0,0,0,0,0,1,0,0
682,4270000,2,52.0,5,12,1977.0,1,0,0,1,0,0,0,0,0,0,1
683,2300000,2,43.8,5,5,1964.0,1,0,0,1,0,0,0,0,0,1,0
684,4700000,2,59.6,5,10,2000.0,0,1,1,0,1,0,0,0,0,0,0
685,3500000,2,47.0,2,5,1967.0,1,0,1,0,0,0,0,0,1,0,0
686,4100000,3,67.0,6,9,1987.0,1,0,1,0,0,0,0,0,1,0,0
687,3099000,1,33.0,11,12,1980.0,0,1,1,0,1,0,0,0,0,0,0
688,5999000,3,73.0,3,6,2016.0,1,0,1,0,0,0,0,0,1,0,0
689,4170000,3,52.6,1,9,1982.0,0,1,1,0,0,0,0,0,0,0,1
690,4350000,4,60.5,3,5,1972.0,1,0,0,1,0,1,0,0,0,0,0
691,6990000,3,72.0,7,10,2000.0,0,1,1,0,0,0,0,1,0,0,0
692,5500000,3,80.6,7,10,2013.0,0,1,1,0,0,0,1,0,0,0,0
693,5000000,3,66.6,3,10,1990.0,1,0,1,0,0,0,0,0,0,0,1
694,3550000,1,41.0,8,10,2001.0,0,1,1,0,0,0,0,0,1,0,0
695,5450000,3,58.6,13,14,1992.0,0,1,1,0,0,0,0,1,0,0,0
696,2430000,2,41.0,2,2,1961.0,1,0,0,1,1,0,0,0,0,0,0
697,3300000,3,62.0,3,9,1983.0,0,1,1,0,0,0,0,0,0,1,0
698,3200000,1,34.3,1,10,2012.0,0,1,0,1,1,0,0,0,0,0,0
699,2750000,1,34.0,10,18,2016.0,0,1,0,1,0,0,0,0,0,1,0
700,3200000,2,43.4,5,5,1972.0,1,0,1,0,0,1,0,0,0,0,0
701,2800000,2,43.9,2,5,1969.0,1,0,1,0,0,0,0,0,0,0,1
702,3300000,3,65.7,1,9,1999.0,0,1,1,0,0,0,0,0,0,1,0
703,6100000,2,65.1,11,15,1992.0,0,1,0,1,0,0,0,0,0,0,1
704,2700000,2,24.8,8,15,1985.0,1,0,0,1,0,0,0,0,1,0,0
705,5800000,2,64.6,17,20,2015.0,0,1,1,0,0,0,0,0,0,0,1
706,4300000,2,58.5,1,10,2018.0,0,1,1,0,0,0,1,0,0,0,0
707,6450000,2,73.0,2,11,2008.0,0,1,1,0,0,0,0,0,1,0,0
708,3550000,2,46.0,2,16,2021.0,0,1,0,1,0,0,1,0,0,0,0
709,6200000,1,49.0,2,7,2021.0,1,0,0,1,1,0,0,0,0,0,0
710,4600000,3,72.8,8,16,1992.0,0,1,1,0,0,0,1,0,0,0,0
711,2850000,1,31.0,3,5,1963.0,1,0,0,1,0,0,0,0,0,0,1
712,11000000,3,74.7,2,17,2021.0,0,1,1,0,1,0,0,0,0,0,0
713,7900000,2,60.4,20,25,2013.0,0,1,0,1,0,0,0,0,0,0,1
714,2400000,1,30.1,3,9,1983.0,1,0,0,1,0,0,0,0,0,0,1
715,9600000,3,76.1,14,17,2017.0,0,1,1,0,1,0,0,0,0,0,0
716,5200000,4,80.2,5,16,2005.0,0,1,1,0,0,0,0,0,1,0,0
717,6000000,3,80.0,5,10,1988.0,0,1,1,0,0,0,0,1,0,0,0
718,6500000,2,47.6,3,22,2021.0,1,0,0,1,0,1,0,0,0,0,0
719,4940000,2,50.2,2,16,2018.0,0,1,0,1,0,0,1,0,0,0,0
720,4450000,1,47.5,4,25,2016.0,0,1,0,1,0,0,0,0,1,0,0
721,5550000,2,54.8,10,25,2020.0,0,1,0,1,0,0,0,0,0,0,1
722,3700000,4,61.0,2,5,1968.0,1,0,1,0,0,0,0,0,1,0,0
723,5500000,1,59.0,3,4,2010.0,0,1,0,1,0,0,1,0,0,0,0
724,3300000,1,33.6,2,12,1977.0,0,1,0,1,0,0,0,0,0,0,1
725,3550000,3,60.1,4,5,1970.0,1,0,1,0,0,0,0,0,0,0,1
726,12800000,3,151.6,11,16,2007.0,0,1,1,0,0,0,0,0,1,0,0
727,2535000,1,31.5,2,5,1972.0,1,0,0,1,1,0,0,0,0,0,0
728,2999999,1,20.3,22,25,2019.0,0,1,0,1,0,1,0,0,0,0,0
729,4600000,2,40.5,2,25,2022.0,0,1,0,1,0,1,0,0,0,0,0
730,3400000,1,37.4,6,10,1990.0,0,1,1,0,0,0,0,0,1,0,0
731,14050000,2,115.0,5,17,2003.0,0,1,0,1,0,0,0,0,0,0,1
732,5190000,3,60.7,9,9,1977.0,0,1,0,1,1,0,0,0,0,0,0
733,5150000,2,55.5,22,25,2020.0,1,0,0,1,0,0,0,0,0,0,1
734,3350000,1,35.5,9,9,1986.0,1,0,0,1,0,1,0,0,0,0,0
735,6100000,3,67.0,9,9,1988.0,0,1,1,0,1,0,0,0,0,0,0
736,4350000,2,50.3,9,16,2022.0,0,1,0,1,0,0,1,0,0,0,0
737,4999999,3,68.4,5,10,2002.0,0,1,1,0,0,1,0,0,0,0,0
738,5500000,2,54.1,8,10,2008.0,1,0,1,0,0,1,0,0,0,0,0
739,13500000,3,108.0,14,15,2005.0,0,1,0,1,0,0,0,0,0,0,1
740,3350000,1,38.7,14,16,2016.0,1,0,0,1,0,0,1,0,0,0,0
741,7300000,4,73.2,8,9,2022.0,0,1,0,1,0,0,0,0,1,0,0
742,4450000,2,52.7,8,10,2011.0,0,1,1,0,0,0,1,0,0,0,0
743,3380000,1,28.0,24,25,2017.0,1,0,0,1,1,0,0,0,0,0,0
744,3200000,1,34.0,3,9,1988.0,1,0,1,0,0,0,0,0,1,0,0
745,5500000,3,86.4,16,16,2010.0,0,1,1,0,0,0,0,0,0,0,1
746,3150000,3,47.0,2,5,1967.0,1,0,1,0,0,0,0,0,1,0,0
747,6270000,3,73.0,16,16,2009.0,0,1,0,1,1,0,0,0,0,0,0
748,3000000,2,42.5,2,5,1962.0,1,0,0,1,0,0,0,0,0,0,1
749,2350000,2,45.5,2,3,1958.0,1,0,0,1,0,0,0,0,0,1,0
750,8990000,3,81.9,23,23,2013.0,1,0,0,1,1,0,0,0,0,0,0
751,2900000,1,34.6,9,10,1986.0,0,1,1,0,0,0,0,0,1,0,0
752,11993000,4,143.0,1,6,1999.0,0,1,0,1,0,0,1,0,0,0,0
753,3100000,3,61.0,4,5,1977.0,1,0,1,0,0,0,0,0,0,1,0
754,5900000,3,56.5,9,25,2021.0,0,1,0,1,0,1,0,0,0,0,0
755,2550000,1,24.3,2,25,2021.0,0,1,0,1,0,0,1,0,0,0,0
756,14500000,3,101.2,12,16,2009.0,0,1,0,1,0,1,0,0,0,0,0
757,3500000,3,47.1,5,5,1970.0,1,0,1,0,0,1,0,0,0,0,0
758,3300000,1,35.5,3,10,1987.0,0,1,1,0,0,0,0,0,0,0,1
759,3190000,2,45.6,2,5,1964.0,1,0,0,1,0,0,0,0,0,0,1
760,8000000,4,96.6,3,19,2011.0,0,1,1,0,1,0,0,0,0,0,0
761,4600000,4,85.9,10,10,1989.0,1,0,1,0,0,0,0,0,1,0,0
762,4750000,3,67.3,2,9,1985.0,1,0,1,0,1,0,0,0,0,0,0
763,5800000,2,56.6,7,9,2022.0,0,1,0,1,1,0,0,0,0,0,0
764,7974000,2,65.4,13,25,2021.0,1,0,1,0,0,1,0,0,0,0,0
765,5700000,3,74.3,2,5,1958.0,1,0,1,0,0,0,0,0,1,0,0
766,3950000,1,45.5,6,16,2009.0,0,1,0,1,1,0,0,0,0,0,0
767,2899000,1,35.6,1,5,1984.0,0,1,1,0,0,0,0,0,1,0,0
768,2590000,1,30.0,5,5,1962.0,1,0,0,1,0,0,0,1,0,0,0
769,7990000,3,69.9,2,9,2016.0,0,1,1,0,0,0,0,0,1,0,0
770,9900000,2,81.0,20,25,2009.0,0,1,1,0,0,0,0,0,0,0,1
771,5800000,2,48.8,16,25,2017.0,0,1,0,1,0,0,0,0,0,0,1
772,8500000,3,79.2,5,16,2012.0,1,0,1,0,0,1,0,0,0,0,0
773,3850000,3,60.0,4,5,1986.0,0,1,1,0,0,0,0,0,0,1,0
774,2800000,2,44.4,2,5,1968.0,1,0,1,0,0,0,0,0,0,0,1
775,5450000,2,52.1,3,5,1975.0,1,0,0,1,0,0,0,0,1,0,0
776,5400000,3,74.9,12,18,2015.0,0,1,1,0,1,0,0,0,0,0,0
777,5190000,1,48.1,8,10,2006.0,1,0,0,1,0,0,0,0,1,0,0
778,3000000,1,33.0,9,9,1977.0,1,0,0,1,0,1,0,0,0,0,0
779,6000000,1,38.1,4,31,2020.0,0,1,0,1,0,0,0,0,0,0,1
780,3050000,3,61.0,3,5,1974.0,1,0,1,0,0,0,0,0,1,0,0
781,5399000,3,69.0,10,10,2003.0,1,0,1,0,0,1,0,0,0,0,0
782,3900000,2,49.7,6,9,1990.0,0,1,1,0,0,0,0,0,1,0,0
783,15000000,4,125.8,2,20,2016.0,0,1,1,0,0,0,0,0,0,0,1
784,5800000,3,58.2,4,5,1977.0,1,0,1,0,0,0,0,0,0,0,1
785,8700000,3,110.0,13,16,1995.0,0,1,1,0,1,0,0,0,0,0,0
786,5800000,4,83.6,6,9,1986.0,1,0,1,0,0,0,0,0,1,0,0
787,2790000,1,34.3,5,9,1986.0,0,1,1,0,0,0,0,0,0,0,1
788,6990000,4,116.6,3,12,2003.0,0,1,1,0,0,0,1,0,0,0,0
789,2480000,1,37.4,10,10,1993.0,0,1,1,0,0,0,0,0,0,1,0
790,9999000,4,88.5,3,10,1995.0,1,0,1,0,0,0,0,0,0,0,1
791,3900000,2,49.3,6,9,1989.0,0,1,1,0,0,1,0,0,0,0,0
792,7280000,3,83.4,2,25,2017.0,0,1,1,0,1,0,0,0,0,0,0
793,2299000,1,27.1,13,25,2016.0,0,1,0,1,0,0,0,0,0,1,0
794,3280000,2,45.0,3,5,1976.0,1,0,1,0,0,1,0,0,0,0,0
795,4000000,2,56.4,2,17,1993.0,0,1,1,0,0,1,0,0,0,0,0
796,4750000,2,56.4,8,10,1993.0,0,1,1,0,0,0,0,0,1,0,0
797,6900000,2,65.0,15,16,2013.0,1,0,1,0,0,0,0,0,0,0,1
798,4200000,2,45.9,6,9,1980.0,0,1,0,1,0,0,0,0,0,0,1
799,4800000,2,40.0,6,6,1961.0,1,0,0,1,0,0,0,1,0,0,0
800,3980000,3,67.0,9,10,1987.0,0,1,1,0,0,0,0,0,0,0,1
801,3600000,3,47.6,3,5,1968.0,1,0,1,0,1,0,0,0,0,0,0
802,8090000,3,90.0,20,25,2014.0,0,1,1,0,0,0,0,0,1,0,0
803,3600000,2,52.0,10,10,2013.0,0,1,1,0,0,0,0,0,0,1,0
804,2800000,2,43.1,3,5,1973.0,1,0,0,1,0,0,0,0,0,0,1
805,2250000,1,30.1,3,5,1968.0,1,0,0,1,0,0,0,0,0,0,1
806,4299999,2,44.3,3,5,1962.0,1,0,0,1,0,0,0,0,1,0,0
807,3099000,4,61.6,5,5,1969.0,1,0,1,0,0,0,0,0,0,0,1
808,2800000,3,56.7,5,5,1967.0,1,0,0,1,0,0,0,0,0,1,0
809,3000000,3,60.6,5,9,1976.0,1,0,1,0,0,0,0,0,0,0,1
810,4300000,3,63.5,3,5,1968.0,1,0,1,0,0,0,0,0,1,0,0
811,3350000,2,44.0,5,5,1972.0,1,0,1,0,0,1,0,0,0,0,0
812,2850000,1,28.7,6,16,2009.0,1,0,0,1,0,0,0,0,0,0,1
813,3600000,2,43.9,5,9,1984.0,0,1,0,1,0,1,0,0,0,0,0
814,7950000,2,50.0,21,25,2017.0,1,0,0,1,0,0,0,0,0,0,1
815,4400000,2,51.9,14,17,2021.0,0,1,0,1,0,1,0,0,0,0,0
816,4750000,1,45.0,15,17,2005.0,0,1,0,1,0,0,0,0,1,0,0
817,4000000,1,36.5,12,17,2017.0,1,0,0,1,0,1,0,0,0,0,0
818,3900000,3,60.0,3,5,1970.0,1,0,1,0,0,1,0,0,0,0,0
819,7420000,2,52.4,9,22,2020.0,1,0,0,1,0,0,0,1,0,0,0
820,3900000,2,49.3,9,9,1984.0,0,1,1,0,0,0,1,0,0,0,0
821,2850000,2,46.5,1,5,1979.0,1,0,1,0,0,0,0,0,0,1,0
822,2350000,3,60.2,4,5,1968.0,1,0,0,1,0,0,1,0,0,0,0
823,5450000,3,65.3,9,9,1974.0,1,0,1,0,0,0,0,0,1,0,0
824,4230000,2,46.0,1,10,2019.0,1,0,0,1,0,0,0,0,1,0,0
825,4797000,4,85.2,9,10,1987.0,0,1,1,0,0,0,0,0,1,0,0
826,4380000,3,60.5,4,9,1976.0,0,1,0,1,0,0,0,0,1,0,0
827,2800000,2,45.3,2,5,1973.0,1,0,1,0,0,0,1,0,0,0,0
828,8450000,3,82.0,7,19,2020.0,0,1,1,0,0,1,0,0,0,0,0
829,3500000,2,48.0,4,5,1989.0,1,0,0,1,0,1,0,0,0,0,0
830,4800000,3,66.0,8,16,1993.0,0,1,1,0,0,0,0,0,1,0,0
831,2700000,1,34.6,3,9,1988.0,0,1,1,0,0,0,1,0,0,0,0
832,2700000,2,47.6,2,5,1978.0,1,0,0,1,0,0,0,0,0,1,0
833,3700000,3,52.0,2,5,1976.0,1,0,0,1,0,0,0,0,0,0,1
834,10490000,1,44.0,7,8,2019.0,0,1,0,1,0,0,0,1,0,0,0
835,5450000,1,41.7,6,25,2017.0,0,1,0,1,0,0,0,0,0,0,1
836,4990000,3,59.1,9,10,1994.0,0,1,1,0,0,1,0,0,0,0,0
837,3500000,3,60.0,5,5,1968.0,1,0,1,0,1,0,0,0,0,0,0
838,3400000,2,45.7,7,9,1980.0,0,1,1,0,0,1,0,0,0,0,0
839,3130000,3,57.5,5,5,1962.0,1,0,0,1,0,0,0,0,0,0,1
840,4680000,2,60.0,14,17,2016.0,0,1,1,0,0,0,0,0,1,0,0
841,3600000,1,34.3,6,10,1988.0,1,0,1,0,0,1,0,0,0,0,0
842,5950000,4,80.0,6,10,1987.0,0,1,1,0,0,0,0,0,1,0,0
843,3800000,3,61.7,4,5,1971.0,1,0,1,0,0,1,0,0,0,0,0
844,3399000,3,60.6,1,9,1979.0,1,0,1,0,0,0,0,0,0,1,0
845,2250000,1,36.6,9,9,1991.0,1,0,0,1,0,0,0,0,0,1,0
846,3850000,1,42.2,2,16,2006.0,1,0,0,1,0,0,1,0,0,0,0
847,4390000,2,45.0,9,9,1975.0,0,1,1,0,0,0,0,0,0,0,1
848,12500000,3,89.0,11,31,2020.0,0,1,1,0,0,0,0,0,0,0,1
849,2700000,1,33.3,3,12,1979.0,1,0,1,0,0,0,1,0,0,0,0
850,8420000,3,84.0,9,17,2021.0,1,0,1,0,1,0,0,0,0,0,0
851,2100000,2,44.0,4,5,1969.0,1,0,0,1,0,0,0,0,0,1,0
852,5000000,3,68.3,3,10,2021.0,0,1,1,0,0,0,0,0,1,0,0
853,2600000,1,36.0,5,9,1982.0,0,1,0,1,0,0,0,0,1,0,0
854,6850000,1,40.5,16,25,2017.0,0,1,0,1,0,0,0,0,0,0,1
855,6200000,2,47.4,16,25,2011.0,0,1,0,1,0,1,0,0,0,0,0
856,2850000,1,34.0,7,10,2009.0,0,1,1,0,0,0,0,0,0,1,0
857,7300000,3,81.0,18,19,2011.0,0,1,1,0,1,0,0,0,0,0,0
858,10800000,4,108.4,5,14,2003.0,0,1,1,0,0,0,0,0,0,0,1
859,4500000,3,62.0,2,10,1990.0,1,0,1,0,0,0,1,0,0,0,0
860,2500000,2,44.7,4,5,1974.0,1,0,0,1,0,0,0,0,0,1,0
861,2300000,1,33.2,3,4,1964.0,1,0,1,0,0,0,1,0,0,0,0
862,2600000,1,29.8,6,9,1988.0,0,1,0,1,0,0,0,0,0,0,1
863,3199000,1,33.7,17,19,2016.0,0,1,0,1,0,0,0,0,0,1,0
864,4550000,4,85.0,7,9,1987.0,1,0,1,0,0,0,0,0,1,0,0
865,3800000,2,60.0,5,5,1957.0,1,0,1,0,0,0,0,0,0,0,1
866,5900000,2,56.0,6,16,2012.0,0,1,1,0,1,0,0,0,0,0,0
867,3100000,1,38.6,7,10,2008.0,0,1,1,0,1,0,0,0,0,0,0
868,10980000,4,130.0,5,5,2005.0,1,0,1,0,1,0,0,0,0,0,0
869,6500000,3,78.8,5,10,2003.0,0,1,1,0,1,0,0,0,0,0,0
870,7190000,3,72.1,14,16,1990.0,0,1,1,0,1,0,0,0,0,0,0
871,8360000,2,52.4,6,11,2020.0,1,0,0,1,1,0,0,0,0,0,0
872,3400000,2,45.0,4,5,1973.0,1,0,1,0,0,0,0,0,0,0,1
873,4650000,2,51.6,7,10,1997.0,0,1,1,0,0,1,0,0,0,0,0
874,5000000,2,70.1,19,25,2012.0,0,1,1,0,0,0,0,0,1,0,0
875,3850000,2,40.3,8,15,2021.0,0,1,0,1,0,0,1,0,0,0,0
876,5250000,3,66.8,2,9,1985.0,0,1,0,1,0,0,0,0,1,0,0
877,4600000,2,66.1,13,16,2014.0,0,1,1,0,0,0,0,0,1,0,0
878,2600000,1,41.1,10,16,2011.0,0,1,0,1,0,0,0,0,0,1,0
879,13900000,3,123.0,8,9,2007.0,0,1,1,0,0,0,0,0,1,0,0
880,2480000,1,34.0,3,9,1992.0,1,0,1,0,0,0,0,0,0,1,0
881,5800000,2,53.2,2,25,2019.0,0,1,0,1,0,0,0,0,0,0,1
882,4700000,3,53.4,2,5,1961.0,1,0,0,1,0,0,0,0,1,0,0
883,5600000,3,74.8,13,16,2012.0,0,1,1,0,0,0,0,0,0,0,1
884,8500000,2,66.6,5,23,2019.0,0,1,1,0,0,0,0,0,0,0,1
885,7640000,3,76.4,10,10,2022.0,0,1,1,0,0,0,0,0,1,0,0
886,3599000,1,31.1,2,4,2018.0,0,1,0,1,0,0,0,0,1,0,0
887,5690000,4,80.2,3,9,1988.0,1,0,1,0,0,0,0,0,1,0,0
888,4400000,3,59.2,7,9,1973.0,0,1,0,1,0,1,0,0,0,0,0
889,3000000,2,44.0,1,5,1968.0,1,0,1,0,0,0,0,0,0,0,1
890,2550000,2,41.0,2,5,1968.0,1,0,0,1,0,0,1,0,0,0,0
891,6200000,2,50.4,2,19,2020.0,1,0,0,1,0,1,0,0,0,0,0
892,7000000,3,75.9,12,12,2000.0,0,1,1,0,0,1,0,0,0,0,0
893,3370000,1,31.0,4,6,2021.0,0,1,0,1,0,0,0,0,0,0,1
894,4000000,2,41.3,4,4,2016.0,0,1,0,1,0,0,0,0,1,0,0
895,6570000,2,49.0,2,25,2020.0,0,1,0,1,0,0,0,0,0,0,1
896,2800000,2,44.9,5,5,1966.0,1,0,0,1,0,1,0,0,0,0,0
897,7000000,3,69.0,9,10,2008.0,1,0,1,0,0,0,0,0,1,0,0
898,5450000,2,53.7,3,8,2021.0,0,1,0,1,0,0,0,0,1,0,0
899,4250000,3,61.0,2,5,1972.0,1,0,1,0,0,0,0,0,1,0,0
900,2300000,1,31.9,2,5,1966.0,1,0,0,1,0,0,0,0,0,1,0
901,3450000,2,44.2,3,4,1960.0,1,0,0,1,0,0,0,0,0,0,1
902,3800000,1,38.7,1,17,2011.0,0,1,0,1,0,0,0,0,0,0,1
903,3299000,1,36.2,14,16,2014.0,1,0,0,1,0,1,0,0,0,0,0
904,2850000,1,34.6,13,18,2016.0,1,0,0,1,0,0,0,0,0,1,0
905,6100000,3,65.5,8,10,1998.0,0,1,1,0,0,1,0,0,0,0,0
906,3100000,2,45.0,3,4,1961.0,1,0,0,1,0,0,0,0,0,0,1
907,2450000,1,30.7,4,5,1962.0,1,0,0,1,0,0,0,0,0,0,1
908,2280000,1,28.0,2,9,1977.0,1,0,0,1,0,0,0,0,0,0,1
909,3200000,1,35.0,13,16,2018.0,0,1,0,1,0,0,1,0,0,0,0
910,4140000,2,40.0,3,4,2017.0,1,0,0,1,0,0,0,0,1,0,0
911,6400000,2,52.0,2,6,2019.0,0,1,1,0,0,0,0,0,1,0,0
912,3250000,3,62.7,2,5,1967.0,1,0,1,0,0,0,1,0,0,0,0
913,4590000,2,75.3,16,16,2013.0,0,1,1,0,0,0,1,0,0,0,0
914,4800000,3,63.0,1,9,1983.0,0,1,1,0,0,0,0,1,0,0,0
915,6000000,2,51.8,16,17,2011.0,1,0,0,1,0,1,0,0,0,0,0
916,5100000,3,60.5,2,9,1968.0,1,0,0,1,0,0,0,0,1,0,0
917,2650000,1,29.8,10,17,2017.0,1,0,0,1,0,0,0,0,0,1,0
918,3900000,3,58.8,2,5,1974.0,1,0,0,1,0,0,1,0,0,0,0
919,7000000,3,71.1,6,23,2021.0,0,1,1,0,0,1,0,0,0,0,0
920,4100000,2,48.0,1,25,2022.0,0,1,0,1,0,1,0,0,0,0,0
921,4750000,1,37.3,17,18,2015.0,0,1,0,1,1,0,0,0,0,0,0
922,2950000,2,41.1,4,5,1968.0,1,0,0,1,1,0,0,0,0,0,0
923,4500000,2,60.0,13,17,2015.0,0,1,1,0,0,0,0,0,1,0,0
924,3700000,1,43.5,1,3,2015.0,1,0,0,1,0,0,0,0,1,0,0
925,5500000,3,105.2,1,10,1999.0,0,1,1,0,1,0,0,0,0,0,0
926,2500000,1,21.3,6,9,1982.0,1,0,0,1,0,0,0,0,0,0,1
927,4550000,2,48.4,5,9,1986.0,0,1,0,1,0,0,0,1,0,0,0
928,5380000,1,41.4,16,25,2021.0,1,0,0,1,0,1,0,0,0,0,0
929,3800000,3,63.5,2,10,1999.0,0,1,1,0,0,0,0,0,0,0,1
930,2800000,2,44.3,4,5,1974.0,1,0,1,0,0,0,0,0,0,1,0
931,6090000,3,75.6,12,16,2002.0,1,0,0,1,0,0,1,0,0,0,0
932,6657000,3,106.0,10,16,2022.0,0,1,1,0,0,0,1,0,0,0,0
933,15000000,3,108.0,6,14,2010.0,0,1,0,1,0,0,0,1,0,0,0
934,4500000,3,67.5,4,10,2015.0,0,1,1,0,0,0,0,0,0,1,0
935,6100000,4,85.0,10,16,1999.0,1,0,1,0,1,0,0,0,0,0,0
936,6900000,3,91.0,16,16,2016.0,1,0,1,0,0,0,0,0,0,1,0
937,5800000,3,70.0,6,9,1978.0,0,1,1,0,1,0,0,0,0,0,0
938,4180000,1,49.2,10,18,2021.0,0,1,0,1,0,0,0,0,1,0,0
939,3200000,1,31.4,5,5,1960.0,1,0,0,1,0,0,0,0,0,0,1
940,3650000,3,55.1,5,5,1960.0,1,0,0,1,0,1,0,0,0,0,0
941,4500000,3,63.0,5,5,1974.0,1,0,0,1,0,1,0,0,0,0,0
942,5500000,1,42.0,14,18,2007.0,0,1,0,1,0,0,0,0,0,0,1
943,3400000,2,42.9,4,5,1964.0,1,0,0,1,0,0,0,0,0,0,1
944,5600000,2,48.0,16,17,2013.0,0,1,0,1,1,0,0,0,0,0,0
945,4250000,2,53.4,3,4,1958.0,1,0,1,0,1,0,0,0,0,0,0
946,2900000,2,43.9,4,5,1967.0,1,0,0,1,0,0,0,0,0,0,1
947,1950000,1,34.9,4,5,1985.0,0,1,0,1,0,0,0,0,0,1,0
948,4980000,2,53.4,2,14,1981.0,0,1,1,0,0,1,0,0,0,0,0
949,6300000,3,64.8,6,10,1995.0,1,0,1,0,0,0,0,0,0,0,1
950,4990000,3,60.0,6,9,1989.0,0,1,0,1,0,0,0,0,1,0,0
951,3330000,2,40.6,4,5,1969.0,1,0,1,0,0,1,0,0,0,0,0
952,3900000,1,38.4,8,10,2008.0,1,0,1,0,0,1,0,0,0,0,0
953,3500000,1,37.0,1,9,2013.0,0,1,0,1,0,1,0,0,0,0,0
954,3520000,3,63.0,4,5,1975.0,1,0,1,0,0,0,1,0,0,0,0
955,2650000,1,26.0,5,9,1982.0,1,0,0,1,0,0,0,0,0,0,1
956,3800000,3,54.7,5,5,1964.0,1,0,0,1,0,0,0,0,1,0,0
957,14200000,4,120.0,1,9,1988.0,1,0,1,0,0,0,0,0,1,0,0
958,2950000,1,32.1,4,5,1962.0,1,0,0,1,0,1,0,0,0,0,0
959,2300000,1,36.5,3,7,2013.0,0,1,1,0,0,0,0,0,0,1,0
960,7600000,3,72.0,12,20,2017.0,0,1,0,1,0,0,0,0,0,0,1
961,7000000,2,61.5,6,8,2022.0,0,1,1,0,0,1,0,0,0,0,0
962,12900000,3,111.0,6,9,2008.0,1,0,1,0,0,0,0,1,0,0,0
963,5850000,2,56.0,6,16,2006.0,0,1,0,1,0,0,0,1,0,0,0
964,1700000,2,45.9,2,2,1956.0,1,0,1,0,0,0,1,0,0,0,0
965,4300000,3,73.6,9,9,2013.0,1,0,1,0,0,0,0,0,0,1,0
966,4100000,3,46.5,2,5,1972.0,1,0,1,0,0,0,0,1,0,0,0
967,3180000,2,46.5,2,5,1969.0,1,0,1,0,1,0,0,0,0,0,0
968,3850000,2,54.2,6,12,1990.0,0,1,0,1,0,0,1,0,0,0,0
969,4737000,2,43.4,8,25,2021.0,0,1,0,1,0,0,0,0,0,0,1
970,3590000,1,34.4,6,9,1984.0,1,0,1,0,1,0,0,0,0,0,0
971,6800000,2,60.0,17,24,2015.0,0,1,0,1,0,0,0,0,1,0,0
972,3250000,3,61.0,2,5,1989.0,1,0,1,0,0,0,0,0,0,1,0
973,4200000,1,53.0,2,10,2002.0,0,1,1,0,0,0,0,0,0,0,1
974,6320000,2,62.0,9,17,2012.0,0,1,1,0,0,1,0,0,0,0,0
975,3700000,3,55.2,8,14,1980.0,0,1,1,0,0,0,0,0,0,0,1
976,2900000,2,43.7,5,5,1970.0,1,0,1,0,0,0,0,0,0,0,1
977,5000000,3,76.3,2,10,2016.0,1,0,1,0,0,0,0,0,1,0,0
978,4350000,3,64.0,24,25,2017.0,0,1,1,0,0,0,0,0,0,1,0
979,8200000,3,100.0,6,18,2013.0,0,1,1,0,0,0,0,0,0,0,1
980,5790000,1,46.0,12,25,2021.0,0,1,0,1,0,0,0,0,0,0,1
981,4500000,1,37.5,11,17,2016.0,0,1,0,1,0,0,0,0,0,0,1
982,3299000,3,64.4,7,9,1977.0,0,1,1,0,0,0,0,0,0,1,0
983,2700000,2,45.7,5,5,1975.0,1,0,1,0,0,0,0,0,0,0,1
984,2800000,1,23.0,10,25,2018.0,1,0,0,1,0,0,0,0,0,0,1
985,2940000,2,51.1,9,9,1998.0,1,0,1,0,0,0,0,0,0,1,0
986,4900000,3,73.8,2,4,1958.0,1,0,1,0,0,1,0,0,0,0,0
987,5500000,2,66.2,3,16,2011.0,0,1,1,0,1,0,0,0,0,0,0
988,3680000,3,67.0,8,9,1987.0,1,0,1,0,0,0,0,0,0,1,0
989,3790000,3,60.4,7,9,1976.0,0,1,0,1,0,0,0,0,1,0,0
990,5800000,1,45.0,11,14,2003.0,0,1,0,1,0,0,0,0,0,0,1
991,6000000,4,80.0,6,9,1991.0,0,1,1,0,1,0,0,0,0,0,0
992,5000000,2,58.9,1,4,2022.0,0,1,0,1,0,0,0,0,1,0,0
993,2950000,1,35.5,4,9,2011.0,0,1,0,1,1,0,0,0,0,0,0
994,4600000,2,44.0,3,5,1965.0,1,0,0,1,0,0,0,1,0,0,0
995,3750000,3,48.0,4,5,1972.0,1,0,1,0,0,1,0,0,0,0,0
996,8280000,4,90.3,5,19,2014.0,1,0,1,0,0,0,0,0,0,0,1
997,3920000,3,52.0,4,5,1969.0,1,0,0,1,0,0,0,0,0,0,1
998,3450000,3,86.5,3,4,1917.0,0,1,1,0,0,0,0,0,0,0,1
999,4740000,1,38.3,14,19,2014.0,0,1,0,1,0,0,0,0,0,0,1
1000,3900000,3,68.3,3,10,2008.0,1,0,1,0,0,0,0,0,0,1,0
1001,7200000,2,67.0,7,25,2021.0,1,0,0,1,0,1,0,0,0,0,0
1002,4569000,2,52.8,8,9,1990.0,1,0,1,0,0,0,0,0,1,0,0
1003,6400000,2,71.5,1,19,2021.0,1,0,1,0,0,0,0,0,0,0,1
1004,3100000,1,33.2,2,5,1983.0,1,0,0,1,1,0,0,0,0,0,0
1005,5350000,3,72.0,5,10,1995.0,1,0,1,0,0,0,0,0,0,1,0
1006,5150000,3,51.9,5,9,1973.0,0,1,1,0,0,1,0,0,0,0,0
1007,2950000,1,41.3,10,10,2015.0,0,1,1,0,0,0,0,0,0,1,0
1008,6850000,3,86.0,6,10,1990.0,0,1,1,0,0,0,0,0,1,0,0
1009,3999000,2,44.0,3,9,1971.0,0,1,1,0,0,1,0,0,0,0,0
1010,1700000,1,31.0,3,4,1964.0,1,0,0,1,0,0,0,0,0,1,0
1011,4000000,9,60.7,5,9,1974.0,1,0,0,1,0,1,0,0,0,0,0
1012,3200000,1,33.5,4,5,1982.0,1,0,0,1,0,0,1,0,0,0,0
1013,3900000,3,53.0,2,9,1978.0,0,1,1,0,0,1,0,0,0,0,0
1014,2800000,1,30.0,5,5,1961.0,1,0,0,1,0,0,0,0,1,0,0
1015,2350000,1,24.6,5,5,1982.0,1,0,0,1,1,0,0,0,0,0,0
1016,3150000,2,43.0,3,9,1976.0,0,1,1,0,0,0,0,0,0,0,1
1017,3800000,3,51.6,1,9,1969.0,0,1,0,1,0,0,0,0,0,0,1
1018,4600000,1,35.6,6,20,2017.0,0,1,0,1,0,0,0,0,0,0,1
1019,3620000,2,48.0,4,5,1966.0,1,0,0,1,0,0,0,0,1,0,0
1020,12000000,3,86.0,20,22,2021.0,0,1,0,1,0,0,0,1,0,0,0
1021,6500000,2,69.0,9,10,2005.0,0,1,0,1,1,0,0,0,0,0,0
1022,3150000,2,45.0,2,5,1972.0,1,0,1,0,1,0,0,0,0,0,0
1023,4275000,1,39.8,3,25,2019.0,0,1,0,1,1,0,0,0,0,0,0
1024,5700000,4,80.7,4,16,1989.0,1,0,1,0,0,0,0,0,0,0,1
1025,3700000,3,58.9,4,5,1968.0,1,0,1,0,0,0,0,0,0,0,1
1026,8500000,4,81.8,12,16,1991.0,1,0,1,0,0,0,0,0,1,0,0
1027,7797999,3,97.7,7,10,2004.0,0,1,1,0,0,0,0,0,0,0,1
1028,5900000,2,60.4,16,16,2013.0,0,1,0,1,0,1,0,0,0,0,0
1029,5750000,2,70.0,9,25,2012.0,0,1,0,1,0,0,0,0,1,0,0
1030,6720000,2,71.0,8,16,2012.0,0,1,1,0,1,0,0,0,0,0,0
1031,19800000,5,126.0,20,22,2016.0,1,0,0,1,0,0,0,0,0,0,1
1032,3496000,1,36.6,8,10,1992.0,0,1,1,0,0,0,0,0,0,0,1
1033,4840000,3,66.1,9,10,1995.0,0,1,1,0,1,0,0,0,0,0,0
1034,7290000,3,69.2,9,16,2021.0,0,1,1,0,1,0,0,0,0,0,0
1035,3650000,1,34.0,3,9,1989.0,0,1,1,0,0,0,0,0,1,0,0
1036,3600000,2,52.9,14,16,2017.0,1,0,0,1,0,0,0,0,0,1,0
1037,3500000,1,31.0,6,9,2021.0,1,0,0,1,0,0,0,0,1,0,0
1038,6400000,2,59.7,1,25,2018.0,0,1,1,0,0,0,0,0,0,0,1
1039,2350000,2,44.9,3,3,1958.0,1,0,1,0,0,0,1,0,0,0,0
1040,11900000,2,82.0,11,16,2011.0,1,0,1,0,0,0,0,0,0,0,1
1041,4150000,2,62.0,10,10,2001.0,0,1,1,0,1,0,0,0,0,0,0
1042,4190000,1,30.0,11,23,2010.0,1,0,0,1,1,0,0,0,0,0,0
1043,2300000,2,43.9,3,3,1960.0,1,0,0,1,0,0,0,0,0,1,0
1044,3300000,1,30.0,3,16,2014.0,0,1,0,1,0,1,0,0,0,0,0
1045,10160000,3,60.2,9,9,1997.0,1,0,1,0,0,0,0,1,0,0,0
1046,3800000,3,62.8,2,9,1974.0,0,1,0,1,0,0,0,0,0,0,1
1047,4500000,2,42.1,6,16,2021.0,0,1,0,1,0,1,0,0,0,0,0
1048,5115000,3,59.9,7,9,1973.0,0,1,0,1,0,1,0,0,0,0,0
1049,8070000,3,76.5,1,4,2008.0,1,0,0,1,1,0,0,0,0,0,0
1050,4100000,2,49.0,8,9,1983.0,0,1,1,0,0,0,0,0,1,0,0
1051,5250000,2,50.8,11,19,2015.0,1,0,1,0,0,0,0,0,0,0,1
1052,2800000,3,46.9,3,5,1970.0,0,1,0,1,0,0,0,0,0,0,1
1053,3470000,3,61.0,2,5,1964.0,1,0,0,1,0,0,1,0,0,0,0
1054,2900000,2,44.8,4,5,1968.0,0,1,1,0,0,0,0,0,0,0,1
1055,4000000,3,59.0,4,5,1965.0,1,0,0,1,1,0,0,0,0,0,0
1056,4440000,2,54.0,8,9,2021.0,0,1,0,1,0,0,0,0,1,0,0
1057,3500000,2,55.1,12,14,1979.0,0,1,1,0,0,0,0,0,0,0,1
1058,6900000,3,76.1,2,10,1993.0,0,1,1,0,0,0,0,0,0,0,1
1059,2800000,1,36.6,7,17,2017.0,0,1,0,1,0,0,0,0,0,1,0
1060,3200000,2,37.0,5,5,1961.0,1,0,0,1,0,1,0,0,0,0,0
1061,5300000,1,53.0,10,10,2002.0,0,1,0,1,0,0,0,0,1,0,0
1062,3550000,1,45.0,7,13,2017.0,0,1,0,1,0,0,0,0,0,1,0
1063,3350000,2,45.1,2,5,1966.0,1,0,0,1,0,1,0,0,0,0,0
1064,3700000,2,43.0,7,9,1969.0,0,1,0,1,0,0,0,0,0,0,1
1065,6100000,2,62.0,9,25,2021.0,0,1,0,1,0,0,0,0,0,0,1
1066,5800000,3,59.3,5,14,1978.0,0,1,1,0,1,0,0,0,0,0,0
1067,3450000,2,43.2,2,5,1961.0,1,0,0,1,0,0,0,0,1,0,0
1068,4999999,1,36.5,9,9,1990.0,1,0,0,1,0,0,0,0,0,0,1
1069,3490000,2,45.0,3,5,1981.0,1,0,1,0,0,1,0,0,0,0,0
1070,5997000,2,55.0,21,25,2021.0,0,1,0,1,0,1,0,0,0,0,0
1071,3150000,2,49.3,3,12,1982.0,0,1,0,1,0,0,0,0,0,1,0
1072,3550000,2,45.7,5,5,1968.0,1,0,1,0,0,0,0,0,1,0,0
1073,5650000,3,63.7,8,10,1995.0,1,0,0,1,1,0,0,0,0,0,0
1074,2800000,2,43.4,4,5,1960.0,1,0,0,1,0,0,1,0,0,0,0
1075,6100000,3,66.6,2,9,1993.0,1,0,1,0,0,0,0,0,1,0,0
1076,3980000,3,64.4,5,9,1998.0,1,0,1,0,0,0,0,0,0,1,0
1077,2900000,2,41.8,3,5,1960.0,1,0,0,1,0,0,1,0,0,0,0
1078,8000000,3,73.5,3,10,2012.0,0,1,1,0,1,0,0,0,0,0,0
1079,4400000,3,61.6,2,10,1990.0,0,1,1,0,0,0,1,0,0,0,0
1080,5300000,2,61.0,4,9,2013.0,0,1,1,0,0,1,0,0,0,0,0
1081,7250000,3,60.0,13,20,2015.0,0,1,0,1,1,0,0,0,0,0,0
1082,4200000,2,43.4,2,5,1961.0,1,0,0,1,0,0,0,1,0,0,0
1083,5100000,3,67.4,1,9,1986.0,0,1,1,0,0,0,0,0,0,0,1
1084,1900000,1,34.5,4,5,2015.0,0,1,0,1,0,0,0,0,0,1,0
1085,10990000,3,86.0,2,8,2009.0,0,1,1,0,0,0,0,1,0,0,0
1086,2500000,1,27.0,14,24,2018.0,1,0,0,1,0,0,0,0,0,1,0
1087,3500000,1,41.0,1,4,2022.0,0,1,0,1,0,0,0,0,1,0,0
1088,6300000,2,58.0,9,16,2002.0,0,1,1,0,0,0,0,0,1,0,0
1089,3000000,2,45.0,2,2,1960.0,1,0,0,1,0,1,0,0,0,0,0
1090,2430000,1,36.0,3,4,1958.0,1,0,1,0,0,0,1,0,0,0,0
1091,12600000,2,63.0,25,25,2021.0,0,1,0,1,0,1,0,0,0,0,0
1092,6999999,3,69.2,9,16,2021.0,0,1,1,0,1,0,0,0,0,0,0
1093,6000000,3,63.4,7,9,1989.0,0,1,1,0,0,0,0,0,0,0,1
1094,3200000,1,40.4,2,9,2015.0,1,0,1,0,0,0,0,0,1,0,0
1095,5800000,2,62.5,8,16,2013.0,0,1,1,0,0,1,0,0,0,0,0
1096,7800000,3,81.0,6,19,2015.0,0,1,1,0,0,1,0,0,0,0,0
1097,8109000,3,76.0,18,20,2020.0,1,0,1,0,0,0,0,0,0,0,1
1098,4060000,2,72.0,14,17,2021.0,0,1,1,0,0,0,1,0,0,0,0
1099,2700000,2,45.1,1,5,1968.0,1,0,1,0,0,0,1,0,0,0,0
1100,2800000,3,57.0,2,5,1963.0,1,0,0,1,0,0,1,0,0,0,0
1101,3100000,2,49.1,3,9,1998.0,0,1,1,0,0,0,0,0,0,1,0
1102,4100000,1,47.6,18,25,2011.0,0,1,0,1,0,1,0,0,0,0,0
1103,9000000,3,84.0,3,7,2013.0,0,1,1,0,0,0,0,1,0,0,0
1104,3950000,2,49.0,8,10,1991.0,0,1,1,0,0,0,0,0,0,0,1
1105,3530000,2,38.0,5,5,1974.0,1,0,1,0,1,0,0,0,0,0,0
1106,2799999,1,22.0,15,26,2021.0,0,1,0,1,0,0,1,0,0,0,0
1107,3900000,2,45.0,4,9,1967.0,1,0,1,0,0,1,0,0,0,0,0
1108,7600000,3,86.0,7,16,2016.0,0,1,1,0,0,1,0,0,0,0,0
1109,5500000,2,69.0,3,16,2017.0,0,1,0,1,0,0,1,0,0,0,0
1110,3290000,2,55.8,7,9,1985.0,0,1,1,0,0,0,0,0,1,0,0
1111,5200000,3,63.0,1,9,1987.0,0,1,1,0,0,0,0,0,0,0,1
1112,7017000,2,58.8,20,22,2021.0,1,0,1,0,0,1,0,0,0,0,0
1113,4490000,3,66.5,2,10,2003.0,0,1,1,0,0,0,0,0,1,0,0
1114,3880000,3,61.2,4,9,1974.0,0,1,1,0,0,0,0,0,1,0,0
1115,4380000,1,38.6,9,9,2016.0,0,1,0,1,0,0,0,0,1,0,0
1116,4400000,1,42.1,14,16,2014.0,1,0,0,1,0,1,0,0,0,0,0
1117,3800000,2,50.5,9,19,2016.0,0,1,0,1,0,0,0,0,0,1,0
1118,4200000,1,44.0,1,3,2015.0,0,1,0,1,0,0,0,0,1,0,0
1119,5780000,3,66.0,2,9,1985.0,1,0,1,0,1,0,0,0,0,0,0
1120,4480000,3,67.0,9,9,1990.0,0,1,1,0,0,0,1,0,0,0,0
1121,2150000,1,22.3,4,9,1983.0,1,0,0,1,0,0,0,0,0,0,1
1122,4490000,2,60.0,4,4,2016.0,1,0,1,0,0,1,0,0,0,0,0
1123,2800000,2,43.3,5,5,1971.0,1,0,1,0,0,0,0,0,1,0,0
1124,3680000,1,27.0,19,25,2019.0,0,1,0,1,0,0,0,0,0,0,1
1125,3900000,2,45.0,4,9,1967.0,1,0,1,0,0,1,0,0,0,0,0
1126,6750000,2,59.0,15,23,2013.0,1,0,1,0,1,0,0,0,0,0,0
1127,8700000,3,83.0,25,25,2017.0,1,0,0,1,1,0,0,0,0,0,0
1128,6600000,2,59.6,8,20,2016.0,1,0,0,1,1,0,0,0,0,0,0
1129,4450000,3,56.4,2,5,1965.0,1,0,0,1,0,0,0,0,0,0,1
1130,10500000,3,95.0,5,14,2002.0,0,1,1,0,0,1,0,0,0,0,0
1131,4200000,3,57.4,3,5,1969.0,1,0,0,1,1,0,0,0,0,0,0
1132,4690000,3,65.5,9,9,1986.0,0,1,1,0,0,0,0,0,1,0,0
1133,3200000,1,32.3,10,16,2016.0,0,1,0,1,0,0,1,0,0,0,0
1134,8100000,4,80.0,15,16,2022.0,0,1,1,0,1,0,0,0,0,0,0
1135,12300000,3,150.0,3,18,2007.0,0,1,1,0,0,0,0,0,1,0,0
1136,3690000,1,46.1,10,17,2021.0,0,1,1,0,0,0,0,0,1,0,0
1137,3700000,3,58.6,3,5,1965.0,1,0,0,1,0,0,0,0,1,0,0
1138,3100000,1,35.0,15,16,2018.0,0,1,0,1,0,0,1,0,0,0,0
1139,3500000,1,36.0,3,10,1986.0,0,1,1,0,1,0,0,0,0,0,0
1140,9100000,3,110.0,7,12,2005.0,0,1,0,1,0,0,1,0,0,0,0
1141,3270000,1,42.0,2,16,2016.0,0,1,0,1,0,0,1,0,0,0,0
1142,5250000,2,61.0,9,19,2016.0,1,0,1,0,0,0,0,0,0,0,1
1143,3250000,2,37.2,3,5,1980.0,1,0,0,1,0,0,1,0,0,0,0
1144,3599000,3,60.0,5,5,1986.0,1,0,1,0,0,0,0,0,0,1,0
1145,11900000,3,138.0,3,8,2008.0,0,1,1,0,0,0,0,0,0,0,1
1146,3600000,3,61.0,3,5,1998.0,1,0,0,1,0,0,0,0,0,1,0
1147,9700000,3,87.7,3,23,2021.0,0,1,1,0,0,0,0,0,0,0,1
1148,3250000,3,59.0,3,5,1962.0,1,0,0,1,0,0,1,0,0,0,0
1149,4900000,1,45.0,14,16,2007.0,0,1,0,1,0,0,0,0,1,0,0
1150,5100000,3,68.0,9,10,1986.0,0,1,1,0,1,0,0,0,0,0,0
1151,2990000,1,34.1,4,9,1986.0,0,1,0,1,0,0,0,0,1,0,0
1152,6499000,3,80.0,1,25,2018.0,1,0,0,1,0,0,0,0,0,0,1
1153,5650000,4,84.6,2,9,1989.0,1,0,1,0,0,0,0,0,1,0,0
1154,3850000,1,37.0,8,17,2016.0,0,1,0,1,0,0,0,0,0,0,1
1155,2200000,1,29.2,5,5,1967.0,1,0,0,1,1,0,0,0,0,0,0
1156,2399999,2,43.8,4,4,1961.0,1,0,0,1,0,0,0,0,0,1,0
1157,3050000,1,33.0,15,16,2016.0,1,0,0,1,0,0,1,0,0,0,0
1158,5800000,2,59.1,10,16,2022.0,0,1,1,0,0,1,0,0,0,0,0
1159,7317000,2,61.3,17,25,2021.0,1,0,1,0,0,1,0,0,0,0,0
1160,15000000,2,101.0,6,10,2010.0,0,1,0,1,0,0,0,1,0,0,0
1161,3099000,1,37.0,4,10,2016.0,0,1,0,1,0,0,0,0,1,0,0
1162,3690000,2,51.0,5,5,1994.0,1,0,0,1,0,0,0,0,0,0,1
1163,4099000,3,53.4,8,9,1973.0,1,0,1,0,0,0,0,0,0,0,1
1164,3980000,2,53.3,9,10,1990.0,0,1,1,0,0,1,0,0,0,0,0
1165,5800000,3,62.5,2,9,1984.0,0,1,1,0,1,0,0,0,0,0,0
1166,4850000,3,77.0,15,16,1988.0,0,1,1,0,0,0,0,0,0,0,1
1167,2000000,2,37.2,2,2,1960.0,1,0,0,1,0,0,1,0,0,0,0
1168,11900000,3,117.0,8,9,1999.0,0,1,0,1,0,0,0,1,0,0,0
1169,17500000,6,170.4,10,11,2006.0,0,1,1,0,0,0,0,0,0,0,1
1170,3670000,4,90.0,3,9,1979.0,0,1,1,0,0,0,0,0,1,0,0
1171,6300000,2,62.8,11,16,2007.0,0,1,1,0,0,1,0,0,0,0,0
1172,7640000,3,76.4,10,10,2022.0,0,1,1,0,0,0,0,0,1,0,0
1173,4250000,1,49.7,14,15,2021.0,0,1,0,1,0,0,0,0,1,0,0
1174,2400000,1,29.9,7,9,1983.0,1,0,0,1,0,0,0,0,0,0,1
1175,3150000,1,35.5,16,16,2022.0,1,0,0,1,0,0,1,0,0,0,0
1176,3500000,2,43.5,5,5,1963.0,1,0,0,1,0,0,0,0,0,0,1
1177,4800000,4,81.0,4,9,1987.0,1,0,1,0,0,0,0,0,1,0,0
1178,9800000,3,89.2,9,19,2013.0,0,1,1,0,0,0,0,0,0,0,1
1179,4950000,2,52.0,2,10,2009.0,0,1,1,0,0,1,0,0,0,0,0
1180,4550000,1,36.6,13,25,2021.0,0,1,0,1,1,0,0,0,0,0,0
1181,3750000,1,34.6,9,10,1989.0,1,0,1,0,0,1,0,0,0,0,0
1182,6500000,1,52.0,22,24,2019.0,0,1,0,1,1,0,0,0,0,0,0
1183,3300000,1,42.0,5,16,2015.0,1,0,1,0,0,0,0,0,1,0,0
1184,5500000,4,83.0,3,9,1986.0,1,0,1,0,0,1,0,0,0,0,0
1185,2100000,1,22.6,11,20,2015.0,0,1,0,1,0,0,1,0,0,0,0
1186,3950000,2,59.6,4,14,1978.0,0,1,1,0,0,0,0,0,0,0,1
1187,4650000,2,61.5,5,5,1952.0,1,0,1,0,0,0,0,0,0,0,1
1188,3195000,4,59.0,4,5,1971.0,1,0,1,0,0,0,0,0,0,1,0
1189,6950000,4,83.6,6,10,1988.0,1,0,1,0,0,0,0,0,0,0,1
1190,8600000,2,77.7,12,20,2018.0,1,0,1,0,0,0,0,0,0,0,1
1191,6500000,3,74.0,14,16,2000.0,0,1,0,1,0,0,0,0,0,0,1
1192,3100000,1,35.0,5,10,1991.0,0,1,1,0,0,1,0,0,0,0,0
1193,4850000,3,61.0,4,9,1973.0,0,1,1,0,1,0,0,0,0,0,0
1194,6090000,3,60.7,4,10,1989.0,0,1,1,0,0,0,0,0,0,0,1
1195,3200000,1,34.4,4,9,1989.0,1,0,1,0,0,0,1,0,0,0,0
1196,4199000,3,71.8,3,16,1992.0,0,1,1,0,0,0,1,0,0,0,0
1197,5450000,3,74.0,5,16,1999.0,0,1,1,0,0,0,0,0,1,0,0
1198,3700000,2,45.5,10,16,2022.0,0,1,0,1,0,0,0,0,1,0,0
1199,2370000,1,34.6,3,9,1992.0,0,1,1,0,0,0,0,0,0,1,0
1200,5170000,1,45.1,4,16,2007.0,0,1,0,1,0,0,0,0,1,0,0
1201,6800000,3,76.0,8,16,2006.0,0,1,0,1,1,0,0,0,0,0,0
1202,4260000,2,51.6,7,10,1993.0,0,1,1,0,0,0,1,0,0,0,0
1203,7840000,2,66.2,12,23,2010.0,0,1,1,0,1,0,0,0,0,0,0
1204,4000000,1,45.0,2,3,2017.0,0,1,1,0,0,0,0,0,1,0,0
1205,2600000,1,33.5,5,5,1977.0,1,0,0,1,0,0,0,0,0,0,1
1206,4150000,1,40.3,15,16,2007.0,0,1,1,0,0,0,0,0,0,0,1
1207,5350000,3,59.8,4,9,1984.0,0,1,0,1,0,0,0,0,0,0,1
1208,13300000,5,128.1,11,16,2001.0,1,0,0,1,1,0,0,0,0,0,0
1209,4500000,4,60.2,2,5,1970.0,1,0,0,1,1,0,0,0,0,0,0
1210,4937000,3,62.2,2,9,1989.0,0,1,1,0,0,1,0,0,0,0,0
1211,6100000,3,85.5,4,5,1956.0,1,0,0,1,0,0,0,0,0,0,1
1212,7680000,2,60.0,14,18,2013.0,0,1,0,1,0,0,0,0,0,0,1
1213,2860000,3,46.0,5,5,1978.0,0,1,1,0,0,0,0,0,0,1,0
1214,7100000,3,81.8,10,25,2021.0,0,1,1,0,0,0,0,0,0,0,1
1215,3699000,1,42.0,10,16,2013.0,0,1,0,1,1,0,0,0,0,0,0
1216,3950000,2,43.3,9,9,1984.0,0,1,1,0,0,0,0,0,1,0,0
1217,4200000,2,59.9,4,4,1954.0,1,0,1,0,0,0,0,0,0,0,1
1218,3000000,1,35.8,4,4,1958.0,1,0,0,1,0,1,0,0,0,0,0
1219,5200000,3,60.7,2,9,1977.0,0,1,1,0,0,1,0,0,0,0,0
1220,6600000,2,56.5,14,19,2014.0,0,1,1,0,0,0,0,0,0,0,1
1221,3100000,2,37.2,3,5,1986.0,1,0,0,1,0,0,0,0,0,1,0
1222,5200000,1,40.3,11,25,2021.0,1,0,0,1,0,0,0,0,0,0,1
1223,2900000,2,45.0,4,5,1965.0,1,0,0,1,1,0,0,0,0,0,0
1224,3490000,2,45.0,1,5,1960.0,1,0,0,1,0,0,0,0,0,0,1
1225,4200000,2,50.0,9,9,1989.0,0,1,1,0,0,1,0,0,0,0,0
1226,10850000,3,108.5,10,17,2006.0,0,1,1,0,0,0,0,0,1,0,0
1227,6800000,2,63.7,9,16,2013.0,0,1,0,1,1,0,0,0,0,0,0
1228,5050000,3,67.1,4,10,1996.0,1,0,1,0,0,0,0,0,1,0,0
1229,5650000,2,73.0,5,16,2000.0,0,1,0,1,0,0,0,0,0,0,1
1230,2600000,2,46.4,5,5,1971.0,1,0,1,0,0,0,1,0,0,0,0
1231,2949000,1,23.5,3,16,2021.0,1,0,0,1,0,1,0,0,0,0,0
1232,3520000,1,34.3,2,9,1989.0,0,1,1,0,0,0,0,0,1,0,0
1233,2650000,1,34.4,8,9,1990.0,0,1,1,0,0,0,0,0,1,0,0
1234,4700000,3,63.0,6,9,1980.0,0,1,1,0,1,0,0,0,0,0,0
1235,3050000,1,45.7,7,10,2014.0,1,0,0,1,0,0,0,0,0,1,0
1236,7990000,3,97.3,4,10,1995.0,0,1,1,0,1,0,0,0,0,0,0
1237,5100000,3,67.0,16,17,1993.0,0,1,1,0,0,1,0,0,0,0,0
1238,6600000,3,85.8,6,16,2012.0,0,1,1,0,0,0,0,0,0,1,0
1239,3200000,2,49.0,1,16,2015.0,0,1,0,1,0,0,0,0,0,1,0
1240,2899000,2,44.0,5,9,1984.0,0,1,1,0,0,0,0,0,0,1,0
1241,3750000,1,40.8,14,16,2013.0,1,0,0,1,1,0,0,0,0,0,0
1242,6990000,3,84.3,6,9,2005.0,0,1,1,0,1,0,0,0,0,0,0
1243,3700000,3,57.2,5,5,1965.0,1,0,0,1,0,0,0,0,1,0,0
1244,6150000,3,87.5,5,17,2021.0,0,1,1,0,0,0,0,0,1,0,0
1245,4950000,1,42.1,16,16,2013.0,0,1,1,0,0,1,0,0,0,0,0
1246,4598000,2,49.9,1,4,2018.0,1,0,1,0,0,0,0,0,1,0,0
1247,2490000,1,31.2,3,3,1961.0,1,0,0,1,0,1,0,0,0,0,0
1248,7750000,2,60.0,23,25,2016.0,1,0,0,1,1,0,0,0,0,0,0
1249,3400000,2,50.0,4,5,2005.0,0,1,1,0,0,0,0,0,0,1,0
1250,7985000,2,56.0,22,25,2011.0,1,0,0,1,0,0,0,0,0,0,1
1251,4150000,4,61.0,4,5,1968.0,1,0,1,0,0,0,0,0,0,0,1
1252,3820000,2,53.0,3,9,1975.0,0,1,0,1,0,0,0,0,0,0,1
1253,2600000,2,46.6,3,5,1955.0,1,0,1,0,0,0,1,0,0,0,0
1254,5600108,3,80.0,1,9,2014.0,0,1,1,0,0,0,0,0,1,0,0
1255,6600000,3,86.0,14,16,2012.0,0,1,1,0,1,0,0,0,0,0,0
1256,2350000,1,32.0,2,5,1982.0,0,1,0,1,0,0,0,0,0,1,0
1257,5100000,3,61.5,8,9,1985.0,0,1,1,0,0,0,0,0,0,0,1
1258,5000000,3,68.3,5,16,2016.0,1,0,1,0,0,0,0,0,1,0,0
1259,9500000,3,98.0,5,6,2017.0,0,1,0,1,0,0,0,1,0,0,0
1260,6100000,2,72.0,2,10,2001.0,0,1,1,0,1,0,0,0,0,0,0
1261,4790000,4,84.0,8,9,1989.0,1,0,1,0,0,0,0,0,0,1,0
1262,8500000,3,77.0,9,10,2000.0,0,1,1,0,0,0,0,0,0,0,1
1263,5800000,3,66.7,3,10,1987.0,0,1,1,0,1,0,0,0,0,0,0
1264,3700000,1,34.0,3,5,1962.0,1,0,0,1,0,0,0,1,0,0,0
1265,1280000,1,31.0,5,5,1973.0,0,1,0,1,0,0,0,0,0,1,0
1266,4964000,3,95.0,8,17,2021.0,0,1,1,0,0,0,1,0,0,0,0
1267,3300000,2,43.0,2,5,1963.0,1,0,0,1,1,0,0,0,0,0,0
1268,4149000,2,35.2,5,10,2019.0,1,0,0,1,0,0,0,0,1,0,0
1269,4999000,3,66.3,8,10,1990.0,1,0,1,0,0,0,0,0,1,0,0
1270,7499000,3,77.3,14,17,2012.0,0,1,1,0,1,0,0,0,0,0,0
1271,7370000,3,70.1,8,25,2021.0,0,1,1,0,0,1,0,0,0,0,0
1272,3699000,2,43.2,2,5,1964.0,1,0,0,1,0,0,0,0,0,0,1
1273,10900000,3,76.2,17,25,2020.0,0,1,1,0,0,0,0,0,0,0,1
1274,4200000,3,61.0,5,5,1989.0,0,1,1,0,0,0,0,0,0,1,0
1275,4700000,3,71.7,8,10,2019.0,0,1,1,0,0,0,0,0,1,0,0
1276,14000000,4,94.8,7,15,2012.0,0,1,1,0,0,0,0,0,0,0,1
1277,3300000,2,43.8,4,5,1972.0,1,0,1,0,0,0,0,0,1,0,0
1278,9500000,3,97.0,3,10,2009.0,0,1,1,0,1,0,0,0,0,0,0
1279,3500000,2,44.7,2,5,1971.0,1,0,1,0,0,0,0,0,1,0,0
1280,14900000,4,106.6,29,31,2020.0,0,1,1,0,0,0,0,0,0,0,1
1281,4900000,2,57.4,2,6,2014.0,0,1,1,0,1,0,0,0,0,0,0
1282,5000000,2,47.1,25,25,2019.0,1,0,0,1,0,0,0,0,0,0,1
1283,4900000,3,93.8,4,9,2013.0,0,1,1,0,0,0,0,0,0,1,0
1284,4000000,1,36.3,16,17,2016.0,0,1,0,1,0,1,0,0,0,0,0
1285,6200000,3,76.5,3,4,1958.0,1,0,0,1,0,0,0,0,0,0,1
1286,8950000,2,110.0,15,16,2021.0,0,1,1,0,0,0,0,0,1,0,0
1287,5200000,4,81.0,12,16,1993.0,1,0,1,0,0,0,0,0,1,0,0
1288,6450000,2,61.4,7,10,2004.0,0,1,1,0,0,0,0,0,1,0,0
1289,2000000,1,31.3,5,5,1968.0,1,0,0,1,0,0,0,0,0,1,0
1290,3600000,3,61.0,2,5,1972.0,1,0,0,1,0,0,0,0,0,0,1
1291,2850000,1,38.0,1,5,1992.0,1,0,0,1,1,0,0,0,0,0,0
1292,3200000,2,55.0,14,16,2014.0,0,1,0,1,0,0,0,0,0,1,0
1293,6970000,3,108.6,2,12,2003.0,0,1,1,0,0,0,1,0,0,0,0
1294,10800000,2,101.3,2,6,1999.0,0,1,0,1,0,0,0,1,0,0,0
1295,3750000,3,58.2,3,5,1967.0,1,0,1,0,1,0,0,0,0,0,0
1296,9200000,4,127.2,7,10,1997.0,0,1,0,1,0,0,0,0,0,1,0
1297,9850000,3,76.0,6,13,2008.0,0,1,1,0,1,0,0,0,0,0,0
1298,5890000,3,64.0,5,9,1975.0,0,1,1,0,1,0,0,0,0,0,0
1299,2600000,1,28.9,6,9,1988.0,1,0,0,1,0,0,0,0,0,0,1
1300,3950000,3,54.9,5,14,1981.0,0,1,1,0,0,0,0,0,1,0,0
1301,5937000,2,62.0,16,25,2021.0,0,1,1,0,0,0,0,0,0,0,1
1302,4600000,2,60.0,8,10,2004.0,0,1,0,1,0,0,0,0,1,0,0
1303,12400000,4,142.0,7,10,2008.0,1,0,0,1,1,0,0,0,0,0,0
1304,4800000,1,39.5,4,25,2021.0,0,1,0,1,0,0,0,0,0,0,1
1305,9500000,4,80.8,15,16,1987.0,0,1,1,0,1,0,0,0,0,0,0
1306,4050000,2,45.9,2,5,1971.0,1,0,1,0,0,0,0,0,0,0,1
1307,3300000,2,43.0,5,5,1967.0,1,0,0,1,0,0,0,0,1,0,0
1308,2400000,2,47.0,2,5,1968.0,1,0,1,0,0,0,0,0,0,1,0
1309,2200000,1,23.4,12,20,2015.0,1,0,0,1,0,0,1,0,0,0,0
1310,7500000,4,77.5,10,10,1997.0,0,1,1,0,0,1,0,0,0,0,0
1311,6500000,3,55.0,5,5,1959.0,1,0,0,1,0,0,0,1,0,0,0
1312,3200000,2,52.5,7,10,2006.0,1,0,1,0,0,0,0,0,0,1,0
1313,3100000,2,45.0,3,5,1969.0,1,0,1,0,0,0,0,0,0,0,1
1314,7800000,4,96.0,6,10,1999.0,0,1,0,1,1,0,0,0,0,0,0
1315,5199000,3,55.9,3,16,2018.0,0,1,0,1,0,0,1,0,0,0,0
1316,11860000,4,113.0,3,9,2006.0,0,1,1,0,0,0,0,1,0,0,0
1317,2550000,2,45.0,5,5,1965.0,1,0,0,1,0,0,0,0,0,1,0
1318,17500000,4,155.2,6,6,2000.0,1,0,1,0,0,0,0,1,0,0,0
1319,1850000,2,41.0,3,3,1957.0,1,0,0,1,0,0,0,0,0,1,0
1320,3300000,2,43.5,8,9,1974.0,0,1,1,0,0,1,0,0,0,0,0
1321,9350000,3,80.4,2,6,2018.0,1,0,1,0,0,0,0,0,1,0,0
1322,4100000,1,39.6,8,14,1983.0,0,1,0,1,0,1,0,0,0,0,0
1323,4800000,3,67.0,4,9,1986.0,1,0,1,0,0,0,0,0,0,0,1
1324,6910000,3,69.1,14,16,2020.0,0,1,0,1,0,1,0,0,0,0,0
1325,7300000,2,66.0,5,16,2018.0,0,1,1,0,0,0,0,1,0,0,0
1326,6300000,2,60.9,8,17,2015.0,0,1,0,1,0,0,0,0,0,0,1
1327,7377000,3,80.0,4,25,2021.0,0,1,1,0,0,0,0,0,0,0,1
1328,4350000,1,44.0,18,25,2011.0,0,1,0,1,0,1,0,0,0,0,0
1329,2530000,2,46.0,5,5,1968.0,1,0,1,0,0,0,1,0,0,0,0
1330,7240000,3,82.2,2,16,2012.0,1,0,1,0,0,0,0,0,1,0,0
1331,2790000,1,37.0,10,18,2015.0,0,1,0,1,0,0,0,0,0,1,0
1332,5400000,3,77.4,3,16,1996.0,0,1,0,1,0,0,0,0,0,0,1
1333,5200000,1,43.4,10,25,2021.0,0,1,0,1,0,0,0,0,0,0,1
1334,4500000,2,56.5,3,10,2017.0,0,1,1,0,0,0,0,0,1,0,0
1335,4200000,3,61.0,4,5,1966.0,1,0,1,0,1,0,0,0,0,0,0
1336,4500000,2,67.0,10,16,2021.0,0,1,1,0,0,0,1,0,0,0,0
1337,2700000,2,48.0,4,5,1989.0,1,0,1,0,0,0,0,0,0,1,0
1338,6600000,2,55.0,7,19,2020.0,0,1,0,1,0,0,0,0,0,0,1
1339,10000000,3,105.0,3,13,1999.0,0,1,0,1,0,0,0,1,0,0,0
1340,2400000,1,32.0,5,5,1963.0,1,0,0,1,0,0,0,0,0,1,0
1341,2800000,1,36.3,6,9,1989.0,1,0,1,0,0,0,1,0,0,0,0
1342,14500000,5,180.0,1,4,2006.0,0,1,1,0,0,1,0,0,0,0,0
1343,3400000,3,77.5,3,3,1959.0,1,0,1,0,0,0,0,0,0,1,0
1344,3290000,2,40.3,2,5,1962.0,1,0,0,1,0,0,0,0,0,0,1
1345,8400000,3,103.0,8,18,2016.0,0,1,1,0,0,1,0,0,0,0,0
1346,3250000,2,45.0,7,9,1982.0,1,0,1,0,0,0,0,0,0,0,1
1347,7000000,2,76.3,1,16,2008.0,0,1,0,1,1,0,0,0,0,0,0
1348,3550000,2,54.2,1,10,2000.0,1,0,1,0,0,1,0,0,0,0,0
1349,3300000,3,69.8,10,10,2009.0,1,0,1,0,0,0,0,0,0,1,0
1350,7500000,3,93.0,1,10,2016.0,0,1,1,0,1,0,0,0,0,0,0
1351,3200000,1,34.0,8,9,2022.0,1,0,0,1,0,0,0,0,0,1,0
1352,11000000,3,105.0,9,9,2003.0,0,1,1,0,0,0,0,1,0,0,0
1353,4700000,2,67.0,6,10,2006.0,0,1,1,0,0,0,1,0,0,0,0
1354,6300000,3,71.5,8,16,1999.0,0,1,1,0,1,0,0,0,0,0,0
1355,5700000,1,42.0,14,16,2013.0,0,1,0,1,0,0,0,0,1,0,0
1356,3650000,1,37.3,2,6,2014.0,0,1,1,0,1,0,0,0,0,0,0
1357,3990000,3,61.0,1,9,1973.0,0,1,1,0,1,0,0,0,0,0,0
1358,3000000,3,63.9,2,3,1954.0,1,0,1,0,0,0,1,0,0,0,0
1359,9850000,3,79.1,4,9,2010.0,0,1,1,0,0,0,0,1,0,0,0
1360,4300000,2,45.0,3,3,2000.0,1,0,0,1,0,0,0,0,1,0,0
1361,5820000,3,81.9,4,16,2009.0,0,1,1,0,0,0,0,0,0,0,1
1362,4950000,1,53.0,4,14,2004.0,0,1,0,1,0,1,0,0,0,0,0
1363,3150000,1,30.6,10,16,2022.0,0,1,0,1,0,0,0,0,1,0,0
1364,4790000,3,60.2,8,9,1973.0,1,0,0,1,0,1,0,0,0,0,0
1365,3100000,2,44.6,4,5,1968.0,1,0,1,0,0,0,0,0,0,0,1
1366,3800000,2,46.7,5,5,1970.0,1,0,1,0,1,0,0,0,0,0,0
1367,4350000,2,52.2,2,10,2005.0,0,1,1,0,0,1,0,0,0,0,0
1368,6700000,3,82.0,9,10,2006.0,1,0,1,0,0,0,0,0,1,0,0
1369,4964000,3,95.5,5,16,2021.0,0,1,1,0,0,0,1,0,0,0,0
1370,5400000,3,53.4,24,25,2018.0,0,1,1,0,0,0,0,0,0,0,1
1371,3050000,1,42.2,4,16,2016.0,1,0,1,0,0,0,1,0,0,0,0
1372,10999999,4,130.0,7,11,1996.0,1,0,1,0,0,1,0,0,0,0,0
1373,4990000,3,60.2,6,9,1980.0,0,1,1,0,1,0,0,0,0,0,0
1374,5200000,2,46.8,2,4,2016.0,0,1,0,1,0,1,0,0,0,0,0
1375,12200000,4,137.0,8,10,2000.0,0,1,1,0,0,0,0,1,0,0,0
1376,2900000,2,45.0,4,5,1960.0,1,0,0,1,0,0,1,0,0,0,0
1377,3600000,2,44.5,3,4,1963.0,1,0,0,1,1,0,0,0,0,0,0
1378,6450000,2,65.3,13,16,2005.0,1,0,0,1,1,0,0,0,0,0,0
1379,3370000,3,64.0,3,3,1955.0,1,0,1,0,0,0,1,0,0,0,0
1380,12000000,3,85.7,16,24,2020.0,1,0,1,0,0,0,0,1,0,0,0
1381,3000000,1,41.0,1,17,2021.0,0,1,0,1,0,0,1,0,0,0,0
1382,8900000,3,77.5,3,5,1958.0,1,0,0,1,1,0,0,0,0,0,0
1383,5000000,2,58.2,10,16,1998.0,0,1,1,0,0,1,0,0,0,0,0
1384,4300000,2,53.0,5,9,1986.0,1,0,1,0,0,1,0,0,0,0,0
1385,3350000,2,45.8,4,5,1965.0,1,0,0,1,0,0,0,0,1,0,0
1386,3250000,1,40.0,2,10,2016.0,1,0,1,0,0,0,0,0,1,0,0
1387,4350000,3,58.0,2,5,1972.0,1,0,1,0,1,0,0,0,0,0,0
1388,3700000,2,44.0,1,9,1973.0,0,1,1,0,0,1,0,0,0,0,0
1389,2150000,2,47.0,2,3,1961.0,1,0,0,1,0,0,0,0,0,1,0
1390,8900000,3,94.3,15,17,2013.0,0,1,1,0,0,0,0,0,0,0,1
1391,4090000,3,67.2,6,9,1990.0,1,0,1,0,0,0,0,0,1,0,0
1392,10500000,5,118.3,2,5,1936.0,1,0,1,0,0,0,0,0,0,0,1
1393,3200000,2,55.0,10,17,2017.0,0,1,1,0,0,0,0,0,0,1,0
1394,4550000,2,52.6,9,10,2000.0,1,0,1,0,0,1,0,0,0,0,0
1395,7500000,3,62.9,12,21,2017.0,1,0,1,0,1,0,0,0,0,0,0
1396,3850000,1,37.0,7,9,1989.0,0,1,1,0,0,0,0,0,1,0,0
1397,6000000,2,51.7,16,25,2017.0,0,1,0,1,1,0,0,0,0,0,0
1398,3500000,1,30.0,5,9,2021.0,0,1,0,1,0,0,0,0,1,0,0
1399,4358200,2,56.6,4,4,2022.0,1,0,0,1,0,0,0,0,0,1,0
1400,4200000,2,42.6,4,5,1969.0,1,0,1,0,0,0,0,0,0,0,1
1401,4795000,3,92.2,12,16,2021.0,0,1,1,0,0,0,1,0,0,0,0
1402,14640000,3,126.0,8,9,2007.0,0,1,1,0,0,0,0,1,0,0,0
1403,3450000,1,36.0,8,16,2022.0,1,0,0,1,0,1,0,0,0,0,0
1404,4190000,3,57.0,8,9,1976.0,1,0,1,0,0,1,0,0,0,0,0
1405,7500000,3,66.0,3,10,2003.0,0,1,0,1,1,0,0,0,0,0,0
1406,10900000,4,111.0,8,25,2010.0,0,1,0,1,0,1,0,0,0,0,0
1407,7000000,3,90.7,9,17,2010.0,0,1,1,0,0,0,0,0,0,1,0
1408,2750000,1,36.8,16,18,2015.0,1,0,0,1,0,0,0,0,0,1,0
1409,3290000,2,55.6,4,4,1957.0,1,0,1,0,0,0,1,0,0,0,0
1410,6500000,3,102.0,4,10,2001.0,0,1,1,0,0,0,1,0,0,0,0
1411,3100000,2,50.6,2,9,1992.0,1,0,1,0,0,0,0,0,0,1,0
1412,2350000,2,45.0,2,5,1968.0,1,0,1,0,0,0,0,0,0,1,0
1413,8500000,2,54.7,17,17,2021.0,0,1,1,0,0,0,0,0,0,0,1
1414,6790000,3,71.0,14,16,2019.0,0,1,1,0,0,1,0,0,0,0,0
1415,5200000,3,78.5,2,16,2012.0,0,1,1,0,1,0,0,0,0,0,0
1416,5700000,3,67.6,9,10,2004.0,0,1,0,1,0,0,0,0,1,0,0
1417,2790005,1,33.7,4,10,1999.0,0,1,1,0,0,0,0,0,1,0,0
1418,3270000,1,30.6,4,5,1967.0,1,0,0,1,1,0,0,0,0,0,0
1419,3490000,2,51.8,7,16,2015.0,0,1,0,1,0,0,0,0,0,1,0
1420,5020000,3,68.8,4,12,2022.0,0,1,1,0,0,0,0,0,1,0,0
1421,6200000,2,59.0,12,12,2013.0,0,1,0,1,0,0,0,0,1,0,0
1422,4400000,2,54.4,8,16,1992.0,0,1,1,0,0,0,1,0,0,0,0
1423,13500000,3,115.0,9,13,2018.0,1,0,1,0,0,0,0,1,0,0,0
1424,6350000,2,62.0,3,25,2011.0,0,1,1,0,0,1,0,0,0,0,0
1425,12000000,5,180.0,8,10,2006.0,0,1,1,0,0,0,0,0,0,1,0
1426,5200000,2,50.4,4,6,1977.0,0,1,1,0,0,0,0,1,0,0,0
1427,3100000,1,29.5,5,5,1970.0,1,0,1,0,0,1,0,0,0,0,0
1428,4430000,2,54.8,3,14,1980.0,0,1,1,0,0,0,0,0,0,0,1
1429,5192000,2,47.2,3,25,2018.0,0,1,1,0,1,0,0,0,0,0,0
1430,9000000,3,108.7,7,17,2008.0,0,1,1,0,0,0,0,0,1,0,0
1431,2250000,1,26.9,7,24,2018.0,1,0,0,1,0,0,0,0,0,1,0
1432,3400000,3,55.6,2,4,1961.0,1,0,0,1,0,0,0,0,0,0,1
1433,5290000,3,55.1,3,14,1976.0,0,1,1,0,0,0,0,0,0,0,1
1434,8250000,2,60.7,16,25,2009.0,0,1,0,1,0,0,0,0,0,0,1
1435,7180000,3,83.3,2,16,2021.0,0,1,1,0,0,0,0,0,1,0,0
1436,3350000,2,55.5,5,9,1990.0,0,1,1,0,0,0,0,0,0,1,0
1437,5800000,1,65.4,2,6,2001.0,0,1,1,0,1,0,0,0,0,0,0
1438,4200000,2,53.8,6,14,1978.0,0,1,1,0,0,0,0,0,0,0,1
1439,5500000,1,58.1,3,8,2001.0,0,1,0,1,0,0,1,0,0,0,0
1440,5150000,3,70.0,1,10,1994.0,0,1,1,0,1,0,0,0,0,0,0
1441,4599000,2,57.5,16,16,2012.0,0,1,1,0,1,0,0,0,0,0,0
1442,4000000,2,51.0,12,12,1970.0,1,0,1,0,0,1,0,0,0,0,0
1443,14990000,2,78.0,9,9,2008.0,0,1,0,1,1,0,0,0,0,0,0
1444,6500000,3,80.0,15,16,2012.0,1,0,1,0,0,0,1,0,0,0,0
1445,11000000,4,142.1,3,6,1999.0,0,1,1,0,0,0,1,0,0,0,0
1446,4500000,2,43.8,8,9,1981.0,0,1,1,0,1,0,0,0,0,0,0
1447,5680000,3,64.3,6,9,1989.0,1,0,1,0,0,1,0,0,0,0,0
1448,6900000,4,76.1,1,10,1993.0,0,1,1,0,0,0,0,0,0,0,1
1449,3350000,2,45.4,4,5,1969.0,1,0,0,1,0,0,0,0,0,0,1
1450,3320000,1,35.0,4,17,2010.0,1,0,0,1,0,0,0,0,0,0,1
1451,3200000,2,53.4,1,9,1993.0,0,1,1,0,0,0,0,0,0,1,0
1452,4200000,2,52.0,4,5,1982.0,0,1,1,0,0,0,0,0,0,1,0
1453,4790000,3,60.2,8,9,1973.0,1,0,0,1,0,1,0,0,0,0,0
1454,5500000,3,53.4,24,25,2018.0,1,0,1,0,0,0,0,0,0,0,1
1455,2940000,3,61.0,5,5,1981.0,1,0,1,0,0,0,0,0,0,1,0
1456,3200000,2,41.7,5,5,1968.0,1,0,0,1,0,0,1,0,0,0,0
1457,3200000,3,57.6,5,5,1963.0,1,0,0,1,0,0,0,0,0,1,0
1458,2480000,2,46.6,5,5,1974.0,1,0,1,0,0,0,0,0,0,1,0
1459,6225000,2,52.0,13,16,2014.0,0,1,0,1,1,0,0,0,0,0,0
1460,1750000,2,42.3,2,2,1955.0,1,0,0,1,0,0,0,0,0,1,0
1461,7700000,3,101.0,11,16,2014.0,1,0,1,0,0,1,0,0,0,0,0
1462,2500000,3,58.6,2,5,1975.0,1,0,1,0,0,0,1,0,0,0,0
1463,5100000,3,75.0,2,12,2022.0,0,1,1,0,0,0,0,0,1,0,0
1464,7000000,1,59.2,6,7,2004.0,0,1,0,1,0,1,0,0,0,0,0
1465,4070000,3,78.2,4,5,1960.0,1,0,1,0,0,0,1,0,0,0,0
1466,14000000,4,159.7,4,10,2001.0,0,1,1,0,0,0,0,1,0,0,0
1467,2300000,2,44.0,3,5,1963.0,1,0,0,1,0,0,0,0,0,1,0
1468,10850000,5,130.6,14,16,2005.0,0,1,1,0,1,0,0,0,0,0,0
1469,9350000,3,103.4,3,9,2008.0,0,1,1,0,1,0,0,0,0,0,0
1470,4000000,3,60.0,5,5,1972.0,1,0,1,0,0,1,0,0,0,0,0
1471,7200000,3,75.0,8,9,2018.0,0,1,1,0,0,1,0,0,0,0,0
1472,6850000,4,83.3,3,16,1991.0,0,1,1,0,1,0,0,0,0,0,0
1473,3150000,2,45.7,7,18,2015.0,1,0,0,1,0,0,0,0,0,1,0
1474,7600000,3,88.0,12,19,2020.0,0,1,0,1,1,0,0,0,0,0,0
1475,3990000,3,55.9,8,14,1983.0,0,1,1,0,0,0,0,0,1,0,0
1476,12000000,4,130.0,6,9,2005.0,0,1,1,0,0,0,0,0,0,0,1
1477,4300000,3,68.0,9,10,2000.0,1,0,1,0,0,0,0,0,1,0,0
1478,4000000,3,61.7,3,5,1977.0,1,0,1,0,0,0,0,0,0,1,0
